{
"type": "FeatureCollection",
"name": "survey_grid",
"crs": { "type": "name", "properties": { "name": "urn:ogc:def:crs:OGC:1.3:CRS84" } },
"features": [
{ "type": "Feature", "properties": { "PixelName": "YubaCity_1", "cell_id": 85404.0, "State": "California", "NearestCity": "Yuba City", "DstMiles": 14.0, "RelAbun": 2.79, "Status": "available", "RelAbun_bin": [ 2.5, 2.9 ], "fillColor": "#03045E", "strokeColor": "#000000" }, "geometry": { "type": "Polygon", "coordinates": [ [ [ -121.796126248074955, 39.0534739185726 ], [ -121.815833809265314, 39.080159306194034 ], [ -121.780728381654583, 39.080159306194034 ], [ -121.761026499876678, 39.0534739185726 ], [ -121.796126248074955, 39.0534739185726 ] ] ] } },
{ "type": "Feature", "properties": { "PixelName": "YubaCity_2", "cell_id": 89349.0, "State": "California", "NearestCity": "Yuba City", "DstMiles": 25.0, "RelAbun": 4.81, "Status": "available", "RelAbun_bin": "(4.61,6.48]", "fillColor": "#0096C7", "strokeColor": "#000000" }, "geometry": { "type": "Polygon", "coordinates": [ [ [ -121.873286847336445, 38.920130862069456 ], [ -121.8929090230518, 38.946788317474706 ], [ -121.857831926930047, 38.946788317474706 ], [ -121.838215397883971, 38.920130862069456 ], [ -121.873286847336445, 38.920130862069456 ] ] ] } },
{ "type": "Feature", "properties": { "PixelName": "YubaCity_3", "cell_id": 89352.0, "State": "California", "NearestCity": "Yuba City", "DstMiles": 21.0, "RelAbun": 2.55, "Status": "available", "RelAbun_bin": [ 2.5, 2.9 ], "fillColor": "#03045E", "strokeColor": "#000000" }, "geometry": { "type": "Polygon", "coordinates": [ [ [ -121.768072498979024, 38.920130862069456 ], [ -121.787677734686568, 38.946788317474706 ], [ -121.752600638564829, 38.946788317474706 ], [ -121.733001049526578, 38.920130862069456 ], [ -121.768072498979024, 38.920130862069456 ] ] ] } },
{ "type": "Feature", "properties": { "PixelName": "YubaCity_4", "cell_id": 90138.0, "State": "California", "NearestCity": "Yuba City", "DstMiles": 28.0, "RelAbun": 2.97, "Status": "available", "RelAbun_bin": "(2.9,3.64]", "fillColor": "#023E8A", "strokeColor": "#000000" }, "geometry": { "type": "Polygon", "coordinates": [ [ [ -121.888753147089844, 38.893478967679904 ], [ -121.908358296788904, 38.920130862069456 ], [ -121.873286847336445, 38.920130862069456 ], [ -121.853687337784024, 38.893478967679904 ], [ -121.888753147089844, 38.893478967679904 ] ] ] } },
{ "type": "Feature", "properties": { "PixelName": "YubaCity_5", "cell_id": 90139.0, "State": "California", "NearestCity": "Yuba City", "DstMiles": 26.0, "RelAbun": 8.5, "Status": "available", "RelAbun_bin": "(6.48,25.2]", "fillColor": "#00B4D8", "strokeColor": "#000000" }, "geometry": { "type": "Polygon", "coordinates": [ [ [ -121.853687337784024, 38.893478967679904 ], [ -121.873286847336445, 38.920130862069456 ], [ -121.838215397883971, 38.920130862069456 ], [ -121.818621528478189, 38.893478967679904 ], [ -121.853687337784024, 38.893478967679904 ] ] ] } },
{ "type": "Feature", "properties": { "PixelName": "Sacramento_1", "cell_id": 92510.0, "State": "California", "NearestCity": "Sacramento", "DstMiles": 29.0, "RelAbun": 3.15, "Status": "available", "RelAbun_bin": "(2.9,3.64]", "fillColor": "#023E8A", "strokeColor": "#000000" }, "geometry": { "type": "Polygon", "coordinates": [ [ [ -121.759975578909533, 38.813556566323271 ], [ -121.779501648844672, 38.840191828218337 ], [ -121.744447100298657, 38.840191828218337 ], [ -121.724926650993922, 38.813556566323271 ], [ -121.759975578909533, 38.813556566323271 ] ] ] } },
{ "type": "Feature", "properties": { "PixelName": "Vallejo_1", "cell_id": 109877.0, "State": "California", "NearestCity": "Vallejo", "DstMiles": 35.0, "RelAbun": 4.24, "Status": "available", "RelAbun_bin": "(3.64,4.61]", "fillColor": "#0077B6", "strokeColor": "#000000" }, "geometry": { "type": "Polygon", "coordinates": [ [ [ -121.790102413293951, 38.228964550674391 ], [ -121.809210595745796, 38.255480118796605 ], [ -121.774278215305387, 38.255480118796605 ], [ -121.755175512687899, 38.228964550674391 ], [ -121.790102413293951, 38.228964550674391 ] ] ] } },
{ "type": "Feature", "properties": { "PixelName": "Vallejo_2", "cell_id": 110667.0, "State": "California", "NearestCity": "Vallejo", "DstMiles": 35.0, "RelAbun": 7.94, "Status": "available", "RelAbun_bin": "(6.48,25.2]", "fillColor": "#00B4D8", "strokeColor": "#000000" }, "geometry": { "type": "Polygon", "coordinates": [ [ [ -121.771016214593232, 38.202454329527136 ], [ -121.790102413293951, 38.228964550674391 ], [ -121.755175512687899, 38.228964550674391 ], [ -121.736094787517061, 38.202454329527136 ], [ -121.771016214593232, 38.202454329527136 ] ] ] } },
{ "type": "Feature", "properties": { "PixelName": "Salinas_1", "cell_id": 158851.0, "State": "California", "NearestCity": "Salinas", "DstMiles": 55.0, "RelAbun": 6.63, "Status": "available", "RelAbun_bin": "(6.48,25.2]", "fillColor": "#00B4D8", "strokeColor": "#000000" }, "geometry": { "type": "Polygon", "coordinates": [ [ [ -120.854831912935737, 36.595132519718838 ], [ -120.872659193356725, 36.621331174087807 ], [ -120.838054939364966, 36.621331174087807 ], [ -120.820232762660083, 36.595132519718838 ], [ -120.854831912935737, 36.595132519718838 ] ] ] } },
{ "type": "Feature", "properties": { "PixelName": "Tulare_1", "cell_id": 176246.0, "State": "California", "NearestCity": "Tulare", "DstMiles": 44.0, "RelAbun": 2.78, "Status": "available", "RelAbun_bin": [ 2.5, 2.9 ], "fillColor": "#03045E", "strokeColor": "#000000" }, "geometry": { "type": "Polygon", "coordinates": [ [ [ -119.950416333021636, 36.019983631280041 ], [ -119.967726526199925, 36.04607660718672 ], [ -119.933233217825531, 36.04607660718672 ], [ -119.915928001701062, 36.019983631280041 ], [ -119.950416333021636, 36.019983631280041 ] ] ] } },
{ "type": "Feature", "properties": { "PixelName": "Tulare_2", "cell_id": 176247.0, "State": "California", "NearestCity": "Tulare", "DstMiles": 42.0, "RelAbun": 2.57, "Status": "available", "RelAbun_bin": [ 2.5, 2.9 ], "fillColor": "#03045E", "strokeColor": "#000000" }, "geometry": { "type": "Polygon", "coordinates": [ [ [ -119.915928001701062, 36.019983631280041 ], [ -119.933233217825531, 36.04607660718672 ], [ -119.898739909451109, 36.04607660718672 ], [ -119.881439670380459, 36.019983631280041 ], [ -119.915928001701062, 36.019983631280041 ] ] ] } },
{ "type": "Feature", "properties": { "PixelName": "Tulare_3", "cell_id": 176248.0, "State": "California", "NearestCity": "Tulare", "DstMiles": 39.0, "RelAbun": 2.71, "Status": "available", "RelAbun_bin": [ 2.5, 2.9 ], "fillColor": "#03045E", "strokeColor": "#000000" }, "geometry": { "type": "Polygon", "coordinates": [ [ [ -119.881439670380459, 36.019983631280041 ], [ -119.898739909451109, 36.04607660718672 ], [ -119.864246601076687, 36.04607660718672 ], [ -119.846951339059856, 36.019983631280041 ], [ -119.881439670380459, 36.019983631280041 ] ] ] } },
{ "type": "Feature", "properties": { "PixelName": "Tulare_4", "cell_id": 176252.0, "State": "California", "NearestCity": "Tulare", "DstMiles": 31.0, "RelAbun": 2.53, "Status": "available", "RelAbun_bin": [ 2.5, 2.9 ], "fillColor": "#03045E", "strokeColor": "#000000" }, "geometry": { "type": "Polygon", "coordinates": [ [ [ -119.743486345098091, 36.019983631280041 ], [ -119.760766675953477, 36.04607660718672 ], [ -119.726273367579068, 36.04607660718672 ], [ -119.708998013777517, 36.019983631280041 ], [ -119.743486345098091, 36.019983631280041 ] ] ] } },
{ "type": "Feature", "properties": { "PixelName": "Tulare_5", "cell_id": 176253.0, "State": "California", "NearestCity": "Tulare", "DstMiles": 29.0, "RelAbun": 2.98, "Status": "available", "RelAbun_bin": "(2.9,3.64]", "fillColor": "#023E8A", "strokeColor": "#000000" }, "geometry": { "type": "Polygon", "coordinates": [ [ [ -119.708998013777517, 36.019983631280041 ], [ -119.726273367579068, 36.04607660718672 ], [ -119.691780059204632, 36.04607660718672 ], [ -119.674509682456886, 36.019983631280041 ], [ -119.708998013777517, 36.019983631280041 ] ] ] } },
{ "type": "Feature", "properties": { "PixelName": "Tulare_6", "cell_id": 177037.0, "State": "California", "NearestCity": "Tulare", "DstMiles": 41.0, "RelAbun": 2.81, "Status": "available", "RelAbun_bin": [ 2.5, 2.9 ], "fillColor": "#03045E", "strokeColor": "#000000" }, "geometry": { "type": "Polygon", "coordinates": [ [ [ -119.898642527116181, 35.993895378929089 ], [ -119.915928001701062, 36.019983631280041 ], [ -119.881439670380459, 36.019983631280041 ], [ -119.864159167171636, 35.993895378929089 ], [ -119.898642527116181, 35.993895378929089 ] ] ] } },
{ "type": "Feature", "properties": { "PixelName": "Tulare_7", "cell_id": 177039.0, "State": "California", "NearestCity": "Tulare", "DstMiles": 37.0, "RelAbun": 2.5, "Status": "available", "RelAbun_bin": [ 2.5, 2.9 ], "fillColor": "#03045E", "strokeColor": "#000000" }, "geometry": { "type": "Polygon", "coordinates": [ [ [ -119.829675807227105, 35.993895378929089 ], [ -119.846951339059856, 36.019983631280041 ], [ -119.812463007739254, 36.019983631280041 ], [ -119.795192447282602, 35.993895378929089 ], [ -119.829675807227105, 35.993895378929089 ] ] ] } },
{ "type": "Feature", "properties": { "PixelName": "Tulare_8", "cell_id": 177042.0, "State": "California", "NearestCity": "Tulare", "DstMiles": 31.0, "RelAbun": 2.87, "Status": "available", "RelAbun_bin": [ 2.5, 2.9 ], "fillColor": "#03045E", "strokeColor": "#000000" }, "geometry": { "type": "Polygon", "coordinates": [ [ [ -119.72622572739354, 35.993895378929089 ], [ -119.743486345098091, 36.019983631280041 ], [ -119.708998013777517, 36.019983631280041 ], [ -119.691742367449024, 35.993895378929089 ], [ -119.72622572739354, 35.993895378929089 ] ] ] } },
{ "type": "Feature", "properties": { "PixelName": "Tulare_9", "cell_id": 177043.0, "State": "California", "NearestCity": "Tulare", "DstMiles": 29.0, "RelAbun": 2.86, "Status": "available", "RelAbun_bin": [ 2.5, 2.9 ], "fillColor": "#03045E", "strokeColor": "#000000" }, "geometry": { "type": "Polygon", "coordinates": [ [ [ -119.691742367449024, 35.993895378929089 ], [ -119.708998013777517, 36.019983631280041 ], [ -119.674509682456886, 36.019983631280041 ], [ -119.657259007504464, 35.993895378929089 ], [ -119.691742367449024, 35.993895378929089 ] ] ] } },
{ "type": "Feature", "properties": { "PixelName": "Tulare_10", "cell_id": 177045.0, "State": "California", "NearestCity": "Tulare", "DstMiles": 25.0, "RelAbun": 2.51, "Status": "available", "RelAbun_bin": [ 2.5, 2.9 ], "fillColor": "#03045E", "strokeColor": "#000000" }, "geometry": { "type": "Polygon", "coordinates": [ [ [ -119.622775647559962, 35.993895378929089 ], [ -119.640021351136312, 36.019983631280041 ], [ -119.605533019815709, 36.019983631280041 ], [ -119.588292287615431, 35.993895378929089 ], [ -119.622775647559962, 35.993895378929089 ] ] ] } },
{ "type": "Feature", "properties": { "PixelName": "Tulare_11", "cell_id": 177046.0, "State": "California", "NearestCity": "Tulare", "DstMiles": 24.0, "RelAbun": 2.75, "Status": "available", "RelAbun_bin": [ 2.5, 2.9 ], "fillColor": "#03045E", "strokeColor": "#000000" }, "geometry": { "type": "Polygon", "coordinates": [ [ [ -119.588292287615431, 35.993895378929089 ], [ -119.605533019815709, 36.019983631280041 ], [ -119.571044688495135, 36.019983631280041 ], [ -119.553808927670914, 35.993895378929089 ], [ -119.588292287615431, 35.993895378929089 ] ] ] } },
{ "type": "Feature", "properties": { "PixelName": "Tulare_12", "cell_id": 177829.0, "State": "California", "NearestCity": "Tulare", "DstMiles": 37.0, "RelAbun": 2.66, "Status": "available", "RelAbun_bin": [ 2.5, 2.9 ], "fillColor": "#03045E", "strokeColor": "#000000" }, "geometry": { "type": "Polygon", "coordinates": [ [ [ -119.812419981920684, 35.96781184327596 ], [ -119.829675807227105, 35.993895378929089 ], [ -119.795192447282602, 35.993895378929089 ], [ -119.777941587681298, 35.96781184327596 ], [ -119.812419981920684, 35.96781184327596 ] ] ] } },
{ "type": "Feature", "properties": { "PixelName": "Tulare_13", "cell_id": 177831.0, "State": "California", "NearestCity": "Tulare", "DstMiles": 33.0, "RelAbun": 2.84, "Status": "available", "RelAbun_bin": [ 2.5, 2.9 ], "fillColor": "#03045E", "strokeColor": "#000000" }, "geometry": { "type": "Polygon", "coordinates": [ [ [ -119.743463193441883, 35.96781184327596 ], [ -119.760709087338071, 35.993895378929089 ], [ -119.72622572739354, 35.993895378929089 ], [ -119.708984799202483, 35.96781184327596 ], [ -119.743463193441883, 35.96781184327596 ] ] ] } },
{ "type": "Feature", "properties": { "PixelName": "Tulare_14", "cell_id": 177832.0, "State": "California", "NearestCity": "Tulare", "DstMiles": 31.0, "RelAbun": 2.78, "Status": "available", "RelAbun_bin": [ 2.5, 2.9 ], "fillColor": "#03045E", "strokeColor": "#000000" }, "geometry": { "type": "Polygon", "coordinates": [ [ [ -119.708984799202483, 35.96781184327596 ], [ -119.72622572739354, 35.993895378929089 ], [ -119.691742367449024, 35.993895378929089 ], [ -119.674506404963097, 35.96781184327596 ], [ -119.708984799202483, 35.96781184327596 ] ] ] } },
{ "type": "Feature", "properties": { "PixelName": "Tulare_15", "cell_id": 177833.0, "State": "California", "NearestCity": "Tulare", "DstMiles": 29.0, "RelAbun": 3.06, "Status": "available", "RelAbun_bin": "(2.9,3.64]", "fillColor": "#023E8A", "strokeColor": "#000000" }, "geometry": { "type": "Polygon", "coordinates": [ [ [ -119.674506404963097, 35.96781184327596 ], [ -119.691742367449024, 35.993895378929089 ], [ -119.657259007504464, 35.993895378929089 ], [ -119.640028010723682, 35.96781184327596 ], [ -119.674506404963097, 35.96781184327596 ] ] ] } },
{ "type": "Feature", "properties": { "PixelName": "Tulare_16", "cell_id": 177835.0, "State": "California", "NearestCity": "Tulare", "DstMiles": 26.0, "RelAbun": 3.27, "Status": "available", "RelAbun_bin": "(2.9,3.64]", "fillColor": "#023E8A", "strokeColor": "#000000" }, "geometry": { "type": "Polygon", "coordinates": [ [ [ -119.605549616484296, 35.96781184327596 ], [ -119.622775647559962, 35.993895378929089 ], [ -119.588292287615431, 35.993895378929089 ], [ -119.571071222244868, 35.96781184327596 ], [ -119.605549616484296, 35.96781184327596 ] ] ] } },
{ "type": "Feature", "properties": { "PixelName": "Tulare_17", "cell_id": 177836.0, "State": "California", "NearestCity": "Tulare", "DstMiles": 25.0, "RelAbun": 2.9, "Status": "available", "RelAbun_bin": [ 2.5, 2.9 ], "fillColor": "#03045E", "strokeColor": "#000000" }, "geometry": { "type": "Polygon", "coordinates": [ [ [ -119.571071222244868, 35.96781184327596 ], [ -119.588292287615431, 35.993895378929089 ], [ -119.553808927670914, 35.993895378929089 ], [ -119.53659282800551, 35.96781184327596 ], [ -119.571071222244868, 35.96781184327596 ] ] ] } },
{ "type": "Feature", "properties": { "PixelName": "Tulare_18", "cell_id": 178618.0, "State": "California", "NearestCity": "Tulare", "DstMiles": 39.0, "RelAbun": 3.46, "Status": "available", "RelAbun_bin": "(2.9,3.64]", "fillColor": "#023E8A", "strokeColor": "#000000" }, "geometry": { "type": "Polygon", "coordinates": [ [ [ -119.829657273730746, 35.941733017475016 ], [ -119.846898376160084, 35.96781184327596 ], [ -119.812419981920684, 35.96781184327596 ], [ -119.795183839532314, 35.941733017475016 ], [ -119.829657273730746, 35.941733017475016 ] ] ] } },
{ "type": "Feature", "properties": { "PixelName": "Tulare_19", "cell_id": 178619.0, "State": "California", "NearestCity": "Tulare", "DstMiles": 37.0, "RelAbun": 3.88, "Status": "available", "RelAbun_bin": "(3.64,4.61]", "fillColor": "#0077B6", "strokeColor": "#000000" }, "geometry": { "type": "Polygon", "coordinates": [ [ [ -119.795183839532314, 35.941733017475016 ], [ -119.812419981920684, 35.96781184327596 ], [ -119.777941587681298, 35.96781184327596 ], [ -119.760710405333896, 35.941733017475016 ], [ -119.795183839532314, 35.941733017475016 ] ] ] } },
{ "type": "Feature", "properties": { "PixelName": "Tulare_20", "cell_id": 178620.0, "State": "California", "NearestCity": "Tulare", "DstMiles": 36.0, "RelAbun": 3.26, "Status": "available", "RelAbun_bin": "(2.9,3.64]", "fillColor": "#023E8A", "strokeColor": "#000000" }, "geometry": { "type": "Polygon", "coordinates": [ [ [ -119.760710405333896, 35.941733017475016 ], [ -119.777941587681298, 35.96781184327596 ], [ -119.743463193441883, 35.96781184327596 ], [ -119.726236971135464, 35.941733017475016 ], [ -119.760710405333896, 35.941733017475016 ] ] ] } },
{ "type": "Feature", "properties": { "PixelName": "Tulare_21", "cell_id": 178621.0, "State": "California", "NearestCity": "Tulare", "DstMiles": 34.0, "RelAbun": 3.91, "Status": "available", "RelAbun_bin": "(3.64,4.61]", "fillColor": "#0077B6", "strokeColor": "#000000" }, "geometry": { "type": "Polygon", "coordinates": [ [ [ -119.726236971135464, 35.941733017475016 ], [ -119.743463193441883, 35.96781184327596 ], [ -119.708984799202483, 35.96781184327596 ], [ -119.691763536937032, 35.941733017475016 ], [ -119.726236971135464, 35.941733017475016 ] ] ] } },
{ "type": "Feature", "properties": { "PixelName": "Tulare_22", "cell_id": 178622.0, "State": "California", "NearestCity": "Tulare", "DstMiles": 32.0, "RelAbun": 3.03, "Status": "available", "RelAbun_bin": "(2.9,3.64]", "fillColor": "#023E8A", "strokeColor": "#000000" }, "geometry": { "type": "Polygon", "coordinates": [ [ [ -119.691763536937032, 35.941733017475016 ], [ -119.708984799202483, 35.96781184327596 ], [ -119.674506404963097, 35.96781184327596 ], [ -119.657290102738614, 35.941733017475016 ], [ -119.691763536937032, 35.941733017475016 ] ] ] } },
{ "type": "Feature", "properties": { "PixelName": "Tulare_23", "cell_id": 178627.0, "State": "California", "NearestCity": "Tulare", "DstMiles": 24.0, "RelAbun": 3.71, "Status": "available", "RelAbun_bin": "(3.64,4.61]", "fillColor": "#0077B6", "strokeColor": "#000000" }, "geometry": { "type": "Polygon", "coordinates": [ [ [ -119.5193963659449, 35.941733017475016 ], [ -119.53659282800551, 35.96781184327596 ], [ -119.502114433766067, 35.96781184327596 ], [ -119.484922931746468, 35.941733017475016 ], [ -119.5193963659449, 35.941733017475016 ] ] ] } },
{ "type": "Feature", "properties": { "PixelName": "Delano_1", "cell_id": 178628.0, "State": "California", "NearestCity": "Delano", "DstMiles": 23.0, "RelAbun": 2.56, "Status": "available", "RelAbun_bin": [ 2.5, 2.9 ], "fillColor": "#03045E", "strokeColor": "#000000" }, "geometry": { "type": "Polygon", "coordinates": [ [ [ -119.484922931746468, 35.941733017475016 ], [ -119.502114433766067, 35.96781184327596 ], [ -119.467636039526681, 35.96781184327596 ], [ -119.450449497548036, 35.941733017475016 ], [ -119.484922931746468, 35.941733017475016 ] ] ] } },
{ "type": "Feature", "properties": { "PixelName": "Tulare_24", "cell_id": 179408.0, "State": "California", "NearestCity": "Tulare", "DstMiles": 40.0, "RelAbun": 3.79, "Status": "available", "RelAbun_bin": "(3.64,4.61]", "fillColor": "#0077B6", "strokeColor": "#000000" }, "geometry": { "type": "Polygon", "coordinates": [ [ [ -119.812435836318144, 35.915658894692754 ], [ -119.829657273730746, 35.941733017475016 ], [ -119.795183839532314, 35.941733017475016 ], [ -119.777967356503311, 35.915658894692754 ], [ -119.812435836318144, 35.915658894692754 ] ] ] } },
{ "type": "Feature", "properties": { "PixelName": "Tulare_25", "cell_id": 179409.0, "State": "California", "NearestCity": "Tulare", "DstMiles": 38.0, "RelAbun": 4.47, "Status": "available", "RelAbun_bin": "(3.64,4.61]", "fillColor": "#0077B6", "strokeColor": "#000000" }, "geometry": { "type": "Polygon", "coordinates": [ [ [ -119.777967356503311, 35.915658894692754 ], [ -119.795183839532314, 35.941733017475016 ], [ -119.760710405333896, 35.941733017475016 ], [ -119.743498876688491, 35.915658894692754 ], [ -119.777967356503311, 35.915658894692754 ] ] ] } },
{ "type": "Feature", "properties": { "PixelName": "Tulare_26", "cell_id": 179410.0, "State": "California", "NearestCity": "Tulare", "DstMiles": 36.0, "RelAbun": 3.32, "Status": "available", "RelAbun_bin": "(2.9,3.64]", "fillColor": "#023E8A", "strokeColor": "#000000" }, "geometry": { "type": "Polygon", "coordinates": [ [ [ -119.743498876688491, 35.915658894692754 ], [ -119.760710405333896, 35.941733017475016 ], [ -119.726236971135464, 35.941733017475016 ], [ -119.709030396873672, 35.915658894692754 ], [ -119.743498876688491, 35.915658894692754 ] ] ] } },
{ "type": "Feature", "properties": { "PixelName": "Tulare_27", "cell_id": 179411.0, "State": "California", "NearestCity": "Tulare", "DstMiles": 34.0, "RelAbun": 3.57, "Status": "available", "RelAbun_bin": "(2.9,3.64]", "fillColor": "#023E8A", "strokeColor": "#000000" }, "geometry": { "type": "Polygon", "coordinates": [ [ [ -119.709030396873672, 35.915658894692754 ], [ -119.726236971135464, 35.941733017475016 ], [ -119.691763536937032, 35.941733017475016 ], [ -119.674561917058853, 35.915658894692754 ], [ -119.709030396873672, 35.915658894692754 ] ] ] } },
{ "type": "Feature", "properties": { "PixelName": "Delano_2", "cell_id": 179412.0, "State": "California", "NearestCity": "Delano", "DstMiles": 33.0, "RelAbun": 2.92, "Status": "available", "RelAbun_bin": "(2.9,3.64]", "fillColor": "#023E8A", "strokeColor": "#000000" }, "geometry": { "type": "Polygon", "coordinates": [ [ [ -119.674561917058853, 35.915658894692754 ], [ -119.691763536937032, 35.941733017475016 ], [ -119.657290102738614, 35.941733017475016 ], [ -119.640093437244033, 35.915658894692754 ], [ -119.674561917058853, 35.915658894692754 ] ] ] } },
{ "type": "Feature", "properties": { "PixelName": "Delano_3", "cell_id": 179416.0, "State": "California", "NearestCity": "Delano", "DstMiles": 24.0, "RelAbun": 3.45, "Status": "available", "RelAbun_bin": "(2.9,3.64]", "fillColor": "#023E8A", "strokeColor": "#000000" }, "geometry": { "type": "Polygon", "coordinates": [ [ [ -119.536687997799561, 35.915658894692754 ], [ -119.553869800143332, 35.941733017475016 ], [ -119.5193963659449, 35.941733017475016 ], [ -119.502219517984742, 35.915658894692754 ], [ -119.536687997799561, 35.915658894692754 ] ] ] } },
{ "type": "Feature", "properties": { "PixelName": "Delano_4", "cell_id": 179417.0, "State": "California", "NearestCity": "Delano", "DstMiles": 22.0, "RelAbun": 3.29, "Status": "available", "RelAbun_bin": "(2.9,3.64]", "fillColor": "#023E8A", "strokeColor": "#000000" }, "geometry": { "type": "Polygon", "coordinates": [ [ [ -119.502219517984742, 35.915658894692754 ], [ -119.5193963659449, 35.941733017475016 ], [ -119.484922931746468, 35.941733017475016 ], [ -119.467751038169922, 35.915658894692754 ], [ -119.502219517984742, 35.915658894692754 ] ] ] } },
{ "type": "Feature", "properties": { "PixelName": "Delano_5", "cell_id": 179418.0, "State": "California", "NearestCity": "Delano", "DstMiles": 21.0, "RelAbun": 3.17, "Status": "available", "RelAbun_bin": "(2.9,3.64]", "fillColor": "#023E8A", "strokeColor": "#000000" }, "geometry": { "type": "Polygon", "coordinates": [ [ [ -119.467751038169922, 35.915658894692754 ], [ -119.484922931746468, 35.941733017475016 ], [ -119.450449497548036, 35.941733017475016 ], [ -119.433282558355103, 35.915658894692754 ], [ -119.467751038169922, 35.915658894692754 ] ] ] } },
{ "type": "Feature", "properties": { "PixelName": "Delano_6", "cell_id": 180197.0, "State": "California", "NearestCity": "Delano", "DstMiles": 42.0, "RelAbun": 3.76, "Status": "available", "RelAbun_bin": "(3.64,4.61]", "fillColor": "#0077B6", "strokeColor": "#000000" }, "geometry": { "type": "Polygon", "coordinates": [ [ [ -119.829697571487998, 35.889589468107921 ], [ -119.846904316132992, 35.915658894692754 ], [ -119.812435836318144, 35.915658894692754 ], [ -119.795234040406129, 35.889589468107921 ], [ -119.829697571487998, 35.889589468107921 ] ] ] } },
{ "type": "Feature", "properties": { "PixelName": "Delano_7", "cell_id": 180198.0, "State": "California", "NearestCity": "Delano", "DstMiles": 39.0, "RelAbun": 2.83, "Status": "available", "RelAbun_bin": [ 2.5, 2.9 ], "fillColor": "#03045E", "strokeColor": "#000000" }, "geometry": { "type": "Polygon", "coordinates": [ [ [ -119.795234040406129, 35.889589468107921 ], [ -119.812435836318144, 35.915658894692754 ], [ -119.777967356503311, 35.915658894692754 ], [ -119.760770509324331, 35.889589468107921 ], [ -119.795234040406129, 35.889589468107921 ] ] ] } },
{ "type": "Feature", "properties": { "PixelName": "Delano_8", "cell_id": 180199.0, "State": "California", "NearestCity": "Delano", "DstMiles": 37.0, "RelAbun": 4.29, "Status": "available", "RelAbun_bin": "(3.64,4.61]", "fillColor": "#0077B6", "strokeColor": "#000000" }, "geometry": { "type": "Polygon", "coordinates": [ [ [ -119.760770509324331, 35.889589468107921 ], [ -119.777967356503311, 35.915658894692754 ], [ -119.743498876688491, 35.915658894692754 ], [ -119.726306978242491, 35.889589468107921 ], [ -119.760770509324331, 35.889589468107921 ] ] ] } },
{ "type": "Feature", "properties": { "PixelName": "Delano_9", "cell_id": 180200.0, "State": "California", "NearestCity": "Delano", "DstMiles": 35.0, "RelAbun": 4.82, "Status": "available", "RelAbun_bin": "(4.61,6.48]", "fillColor": "#0096C7", "strokeColor": "#000000" }, "geometry": { "type": "Polygon", "coordinates": [ [ [ -119.726306978242491, 35.889589468107921 ], [ -119.743498876688491, 35.915658894692754 ], [ -119.709030396873672, 35.915658894692754 ], [ -119.691843447160664, 35.889589468107921 ], [ -119.726306978242491, 35.889589468107921 ] ] ] } },
{ "type": "Feature", "properties": { "PixelName": "Delano_10", "cell_id": 180201.0, "State": "California", "NearestCity": "Delano", "DstMiles": 33.0, "RelAbun": 3.71, "Status": "available", "RelAbun_bin": "(3.64,4.61]", "fillColor": "#0077B6", "strokeColor": "#000000" }, "geometry": { "type": "Polygon", "coordinates": [ [ [ -119.691843447160664, 35.889589468107921 ], [ -119.709030396873672, 35.915658894692754 ], [ -119.674561917058853, 35.915658894692754 ], [ -119.657379916078867, 35.889589468107921 ], [ -119.691843447160664, 35.889589468107921 ] ] ] } },
{ "type": "Feature", "properties": { "PixelName": "Delano_11", "cell_id": 180202.0, "State": "California", "NearestCity": "Delano", "DstMiles": 31.0, "RelAbun": 2.82, "Status": "available", "RelAbun_bin": [ 2.5, 2.9 ], "fillColor": "#03045E", "strokeColor": "#000000" }, "geometry": { "type": "Polygon", "coordinates": [ [ [ -119.657379916078867, 35.889589468107921 ], [ -119.674561917058853, 35.915658894692754 ], [ -119.640093437244033, 35.915658894692754 ], [ -119.622916384997055, 35.889589468107921 ], [ -119.657379916078867, 35.889589468107921 ] ] ] } },
{ "type": "Feature", "properties": { "PixelName": "Delano_12", "cell_id": 180203.0, "State": "California", "NearestCity": "Delano", "DstMiles": 28.0, "RelAbun": 2.66, "Status": "available", "RelAbun_bin": [ 2.5, 2.9 ], "fillColor": "#03045E", "strokeColor": "#000000" }, "geometry": { "type": "Polygon", "coordinates": [ [ [ -119.622916384997055, 35.889589468107921 ], [ -119.640093437244033, 35.915658894692754 ], [ -119.605624957429214, 35.915658894692754 ], [ -119.588452853915229, 35.889589468107921 ], [ -119.622916384997055, 35.889589468107921 ] ] ] } },
{ "type": "Feature", "properties": { "PixelName": "Delano_13", "cell_id": 180205.0, "State": "California", "NearestCity": "Delano", "DstMiles": 24.0, "RelAbun": 2.56, "Status": "available", "RelAbun_bin": [ 2.5, 2.9 ], "fillColor": "#03045E", "strokeColor": "#000000" }, "geometry": { "type": "Polygon", "coordinates": [ [ [ -119.553989322833388, 35.889589468107921 ], [ -119.571156477614394, 35.915658894692754 ], [ -119.536687997799561, 35.915658894692754 ], [ -119.51952579175159, 35.889589468107921 ], [ -119.553989322833388, 35.889589468107921 ] ] ] } },
{ "type": "Feature", "properties": { "PixelName": "Delano_14", "cell_id": 180987.0, "State": "California", "NearestCity": "Delano", "DstMiles": 40.0, "RelAbun": 2.91, "Status": "available", "RelAbun_bin": "(2.9,3.64]", "fillColor": "#023E8A", "strokeColor": "#000000" }, "geometry": { "type": "Polygon", "coordinates": [ [ [ -119.812510450520591, 35.863524730911308 ], [ -119.829697571487998, 35.889589468107921 ], [ -119.795234040406129, 35.889589468107921 ], [ -119.778051862527889, 35.863524730911308 ], [ -119.812510450520591, 35.863524730911308 ] ] ] } },
{ "type": "Feature", "properties": { "PixelName": "Delano_15", "cell_id": 180988.0, "State": "California", "NearestCity": "Delano", "DstMiles": 38.0, "RelAbun": 4.17, "Status": "available", "RelAbun_bin": "(3.64,4.61]", "fillColor": "#0077B6", "strokeColor": "#000000" }, "geometry": { "type": "Polygon", "coordinates": [ [ [ -119.778051862527889, 35.863524730911308 ], [ -119.795234040406129, 35.889589468107921 ], [ -119.760770509324331, 35.889589468107921 ], [ -119.743593274535215, 35.863524730911308 ], [ -119.778051862527889, 35.863524730911308 ] ] ] } },
{ "type": "Feature", "properties": { "PixelName": "Delano_16", "cell_id": 180989.0, "State": "California", "NearestCity": "Delano", "DstMiles": 35.0, "RelAbun": 3.6, "Status": "available", "RelAbun_bin": "(2.9,3.64]", "fillColor": "#023E8A", "strokeColor": "#000000" }, "geometry": { "type": "Polygon", "coordinates": [ [ [ -119.743593274535215, 35.863524730911308 ], [ -119.760770509324331, 35.889589468107921 ], [ -119.726306978242491, 35.889589468107921 ], [ -119.709134686542541, 35.863524730911308 ], [ -119.743593274535215, 35.863524730911308 ] ] ] } },
{ "type": "Feature", "properties": { "PixelName": "Delano_17", "cell_id": 180990.0, "State": "California", "NearestCity": "Delano", "DstMiles": 33.0, "RelAbun": 3.68, "Status": "available", "RelAbun_bin": "(3.64,4.61]", "fillColor": "#0077B6", "strokeColor": "#000000" }, "geometry": { "type": "Polygon", "coordinates": [ [ [ -119.709134686542541, 35.863524730911308 ], [ -119.726306978242491, 35.889589468107921 ], [ -119.691843447160664, 35.889589468107921 ], [ -119.674676098549867, 35.863524730911308 ], [ -119.709134686542541, 35.863524730911308 ] ] ] } },
{ "type": "Feature", "properties": { "PixelName": "Delano_18", "cell_id": 180991.0, "State": "California", "NearestCity": "Delano", "DstMiles": 31.0, "RelAbun": 2.7, "Status": "available", "RelAbun_bin": [ 2.5, 2.9 ], "fillColor": "#03045E", "strokeColor": "#000000" }, "geometry": { "type": "Polygon", "coordinates": [ [ [ -119.674676098549867, 35.863524730911308 ], [ -119.691843447160664, 35.889589468107921 ], [ -119.657379916078867, 35.889589468107921 ], [ -119.640217510557193, 35.863524730911308 ], [ -119.674676098549867, 35.863524730911308 ] ] ] } },
{ "type": "Feature", "properties": { "PixelName": "Delano_19", "cell_id": 180993.0, "State": "California", "NearestCity": "Delano", "DstMiles": 26.0, "RelAbun": 2.54, "Status": "available", "RelAbun_bin": [ 2.5, 2.9 ], "fillColor": "#03045E", "strokeColor": "#000000" }, "geometry": { "type": "Polygon", "coordinates": [ [ [ -119.605758922564547, 35.863524730911308 ], [ -119.622916384997055, 35.889589468107921 ], [ -119.588452853915229, 35.889589468107921 ], [ -119.571300334571859, 35.863524730911308 ], [ -119.605758922564547, 35.863524730911308 ] ] ] } },
{ "type": "Feature", "properties": { "PixelName": "Delano_20", "cell_id": 180998.0, "State": "California", "NearestCity": "Delano", "DstMiles": 16.0, "RelAbun": 3.54, "Status": "available", "RelAbun_bin": "(2.9,3.64]", "fillColor": "#023E8A", "strokeColor": "#000000" }, "geometry": { "type": "Polygon", "coordinates": [ [ [ -119.433465982601192, 35.863524730911308 ], [ -119.450598729587952, 35.889589468107921 ], [ -119.416135198506112, 35.889589468107921 ], [ -119.399007394608518, 35.863524730911308 ], [ -119.433465982601192, 35.863524730911308 ] ] ] } },
{ "type": "Feature", "properties": { "PixelName": "Delano_21", "cell_id": 181777.0, "State": "California", "NearestCity": "Delano", "DstMiles": 38.0, "RelAbun": 3.67, "Status": "available", "RelAbun_bin": "(3.64,4.61]", "fillColor": "#0077B6", "strokeColor": "#000000" }, "geometry": { "type": "Polygon", "coordinates": [ [ [ -119.795342929806438, 35.837464676305878 ], [ -119.812510450520591, 35.863524730911308 ], [ -119.778051862527889, 35.863524730911308 ], [ -119.760889279265783, 35.837464676305878 ], [ -119.795342929806438, 35.837464676305878 ] ] ] } },
{ "type": "Feature", "properties": { "PixelName": "Delano_22", "cell_id": 181778.0, "State": "California", "NearestCity": "Delano", "DstMiles": 36.0, "RelAbun": 4.09, "Status": "available", "RelAbun_bin": "(3.64,4.61]", "fillColor": "#0077B6", "strokeColor": "#000000" }, "geometry": { "type": "Polygon", "coordinates": [ [ [ -119.760889279265783, 35.837464676305878 ], [ -119.778051862527889, 35.863524730911308 ], [ -119.743593274535215, 35.863524730911308 ], [ -119.726435628725142, 35.837464676305878 ], [ -119.760889279265783, 35.837464676305878 ] ] ] } },
{ "type": "Feature", "properties": { "PixelName": "Delano_23", "cell_id": 181779.0, "State": "California", "NearestCity": "Delano", "DstMiles": 34.0, "RelAbun": 3.62, "Status": "available", "RelAbun_bin": "(2.9,3.64]", "fillColor": "#023E8A", "strokeColor": "#000000" }, "geometry": { "type": "Polygon", "coordinates": [ [ [ -119.726435628725142, 35.837464676305878 ], [ -119.743593274535215, 35.863524730911308 ], [ -119.709134686542541, 35.863524730911308 ], [ -119.691981978184515, 35.837464676305878 ], [ -119.726435628725142, 35.837464676305878 ] ] ] } },
{ "type": "Feature", "properties": { "PixelName": "Delano_24", "cell_id": 181785.0, "State": "California", "NearestCity": "Delano", "DstMiles": 20.0, "RelAbun": 3.6, "Status": "available", "RelAbun_bin": "(2.9,3.64]", "fillColor": "#023E8A", "strokeColor": "#000000" }, "geometry": { "type": "Polygon", "coordinates": [ [ [ -119.519713725481296, 35.837464676305878 ], [ -119.536841746579185, 35.863524730911308 ], [ -119.502383158586511, 35.863524730911308 ], [ -119.485260074940641, 35.837464676305878 ], [ -119.519713725481296, 35.837464676305878 ] ] ] } },
{ "type": "Feature", "properties": { "PixelName": "Delano_25", "cell_id": 181787.0, "State": "California", "NearestCity": "Delano", "DstMiles": 16.0, "RelAbun": 3.88, "Status": "available", "RelAbun_bin": "(3.64,4.61]", "fillColor": "#0077B6", "strokeColor": "#000000" }, "geometry": { "type": "Polygon", "coordinates": [ [ [ -119.450806424400042, 35.837464676305878 ], [ -119.467924570593865, 35.863524730911308 ], [ -119.433465982601192, 35.863524730911308 ], [ -119.416352773859387, 35.837464676305878 ], [ -119.450806424400042, 35.837464676305878 ] ] ] } },
{ "type": "Feature", "properties": { "PixelName": "Delano_26", "cell_id": 182565.0, "State": "California", "NearestCity": "Delano", "DstMiles": 42.0, "RelAbun": 2.51, "Status": "available", "RelAbun_bin": [ 2.5, 2.9 ], "fillColor": "#03045E", "strokeColor": "#000000" }, "geometry": { "type": "Polygon", "coordinates": [ [ [ -119.847092423408085, 35.811409297506621 ], [ -119.864250230887691, 35.837464676305878 ], [ -119.829796580347065, 35.837464676305878 ], [ -119.81264370468908, 35.811409297506621 ], [ -119.847092423408085, 35.811409297506621 ] ] ] } },
{ "type": "Feature", "properties": { "PixelName": "Delano_27", "cell_id": 182566.0, "State": "California", "NearestCity": "Delano", "DstMiles": 39.0, "RelAbun": 3.65, "Status": "available", "RelAbun_bin": "(3.64,4.61]", "fillColor": "#0077B6", "strokeColor": "#000000" }, "geometry": { "type": "Polygon", "coordinates": [ [ [ -119.81264370468908, 35.811409297506621 ], [ -119.829796580347065, 35.837464676305878 ], [ -119.795342929806438, 35.837464676305878 ], [ -119.778194985970103, 35.811409297506621 ], [ -119.81264370468908, 35.811409297506621 ] ] ] } },
{ "type": "Feature", "properties": { "PixelName": "Delano_28", "cell_id": 182567.0, "State": "California", "NearestCity": "Delano", "DstMiles": 37.0, "RelAbun": 4.78, "Status": "available", "RelAbun_bin": "(4.61,6.48]", "fillColor": "#0096C7", "strokeColor": "#000000" }, "geometry": { "type": "Polygon", "coordinates": [ [ [ -119.778194985970103, 35.811409297506621 ], [ -119.795342929806438, 35.837464676305878 ], [ -119.760889279265783, 35.837464676305878 ], [ -119.743746267251083, 35.811409297506621 ], [ -119.778194985970103, 35.811409297506621 ] ] ] } },
{ "type": "Feature", "properties": { "PixelName": "Delano_29", "cell_id": 182568.0, "State": "California", "NearestCity": "Delano", "DstMiles": 34.0, "RelAbun": 3.61, "Status": "available", "RelAbun_bin": "(2.9,3.64]", "fillColor": "#023E8A", "strokeColor": "#000000" }, "geometry": { "type": "Polygon", "coordinates": [ [ [ -119.743746267251083, 35.811409297506621 ], [ -119.760889279265783, 35.837464676305878 ], [ -119.726435628725142, 35.837464676305878 ], [ -119.709297548532078, 35.811409297506621 ], [ -119.743746267251083, 35.811409297506621 ] ] ] } },
{ "type": "Feature", "properties": { "PixelName": "Delano_30", "cell_id": 182569.0, "State": "California", "NearestCity": "Delano", "DstMiles": 32.0, "RelAbun": 4.87, "Status": "available", "RelAbun_bin": "(4.61,6.48]", "fillColor": "#0096C7", "strokeColor": "#000000" }, "geometry": { "type": "Polygon", "coordinates": [ [ [ -119.709297548532078, 35.811409297506621 ], [ -119.726435628725142, 35.837464676305878 ], [ -119.691981978184515, 35.837464676305878 ], [ -119.674848829813072, 35.811409297506621 ], [ -119.709297548532078, 35.811409297506621 ] ] ] } },
{ "type": "Feature", "properties": { "PixelName": "Delano_31", "cell_id": 182570.0, "State": "California", "NearestCity": "Delano", "DstMiles": 30.0, "RelAbun": 5.4, "Status": "available", "RelAbun_bin": "(4.61,6.48]", "fillColor": "#0096C7", "strokeColor": "#000000" }, "geometry": { "type": "Polygon", "coordinates": [ [ [ -119.674848829813072, 35.811409297506621 ], [ -119.691981978184515, 35.837464676305878 ], [ -119.65752832764386, 35.837464676305878 ], [ -119.640400111094095, 35.811409297506621 ], [ -119.674848829813072, 35.811409297506621 ] ] ] } },
{ "type": "Feature", "properties": { "PixelName": "Delano_32", "cell_id": 182571.0, "State": "California", "NearestCity": "Delano", "DstMiles": 27.0, "RelAbun": 2.91, "Status": "available", "RelAbun_bin": "(2.9,3.64]", "fillColor": "#023E8A", "strokeColor": "#000000" }, "geometry": { "type": "Polygon", "coordinates": [ [ [ -119.640400111094095, 35.811409297506621 ], [ -119.65752832764386, 35.837464676305878 ], [ -119.623074677103233, 35.837464676305878 ], [ -119.605951392375061, 35.811409297506621 ], [ -119.640400111094095, 35.811409297506621 ] ] ] } },
{ "type": "Feature", "properties": { "PixelName": "Delano_33", "cell_id": 182572.0, "State": "California", "NearestCity": "Delano", "DstMiles": 25.0, "RelAbun": 2.52, "Status": "available", "RelAbun_bin": [ 2.5, 2.9 ], "fillColor": "#03045E", "strokeColor": "#000000" }, "geometry": { "type": "Polygon", "coordinates": [ [ [ -119.605951392375061, 35.811409297506621 ], [ -119.623074677103233, 35.837464676305878 ], [ -119.588621026562606, 35.837464676305878 ], [ -119.571502673656084, 35.811409297506621 ], [ -119.605951392375061, 35.811409297506621 ] ] ] } },
{ "type": "Feature", "properties": { "PixelName": "Delano_34", "cell_id": 182574.0, "State": "California", "NearestCity": "Delano", "DstMiles": 20.0, "RelAbun": 3.55, "Status": "available", "RelAbun_bin": "(2.9,3.64]", "fillColor": "#023E8A", "strokeColor": "#000000" }, "geometry": { "type": "Polygon", "coordinates": [ [ [ -119.537053954937093, 35.811409297506621 ], [ -119.554167376021951, 35.837464676305878 ], [ -119.519713725481296, 35.837464676305878 ], [ -119.502605236218088, 35.811409297506621 ], [ -119.537053954937093, 35.811409297506621 ] ] ] } },
{ "type": "Feature", "properties": { "PixelName": "Delano_35", "cell_id": 182575.0, "State": "California", "NearestCity": "Delano", "DstMiles": 18.0, "RelAbun": 3.46, "Status": "available", "RelAbun_bin": "(2.9,3.64]", "fillColor": "#023E8A", "strokeColor": "#000000" }, "geometry": { "type": "Polygon", "coordinates": [ [ [ -119.502605236218088, 35.811409297506621 ], [ -119.519713725481296, 35.837464676305878 ], [ -119.485260074940641, 35.837464676305878 ], [ -119.468156517499054, 35.811409297506621 ], [ -119.502605236218088, 35.811409297506621 ] ] ] } },
{ "type": "Feature", "properties": { "PixelName": "Delano_36", "cell_id": 182576.0, "State": "California", "NearestCity": "Delano", "DstMiles": 16.0, "RelAbun": 3.68, "Status": "available", "RelAbun_bin": "(3.64,4.61]", "fillColor": "#0077B6", "strokeColor": "#000000" }, "geometry": { "type": "Polygon", "coordinates": [ [ [ -119.468156517499054, 35.811409297506621 ], [ -119.485260074940641, 35.837464676305878 ], [ -119.450806424400042, 35.837464676305878 ], [ -119.433707798780077, 35.811409297506621 ], [ -119.468156517499054, 35.811409297506621 ] ] ] } },
{ "type": "Feature", "properties": { "PixelName": "Delano_37", "cell_id": 182577.0, "State": "California", "NearestCity": "Delano", "DstMiles": 14.0, "RelAbun": 3.16, "Status": "available", "RelAbun_bin": "(2.9,3.64]", "fillColor": "#023E8A", "strokeColor": "#000000" }, "geometry": { "type": "Polygon", "coordinates": [ [ [ -119.433707798780077, 35.811409297506621 ], [ -119.450806424400042, 35.837464676305878 ], [ -119.416352773859387, 35.837464676305878 ], [ -119.399259080061071, 35.811409297506621 ], [ -119.433707798780077, 35.811409297506621 ] ] ] } },
{ "type": "Feature", "properties": { "PixelName": "Delano_38", "cell_id": 183357.0, "State": "California", "NearestCity": "Delano", "DstMiles": 35.0, "RelAbun": 4.38, "Status": "available", "RelAbun_bin": "(3.64,4.61]", "fillColor": "#0077B6", "strokeColor": "#000000" }, "geometry": { "type": "Polygon", "coordinates": [ [ [ -119.761066595685122, 35.785358587740589 ], [ -119.778194985970103, 35.811409297506621 ], [ -119.743746267251083, 35.811409297506621 ], [ -119.726622803164062, 35.785358587740589 ], [ -119.761066595685122, 35.785358587740589 ] ] ] } },
{ "type": "Feature", "properties": { "PixelName": "Delano_39", "cell_id": 183358.0, "State": "California", "NearestCity": "Delano", "DstMiles": 33.0, "RelAbun": 4.25, "Status": "available", "RelAbun_bin": "(3.64,4.61]", "fillColor": "#0077B6", "strokeColor": "#000000" }, "geometry": { "type": "Polygon", "coordinates": [ [ [ -119.726622803164062, 35.785358587740589 ], [ -119.743746267251083, 35.811409297506621 ], [ -119.709297548532078, 35.811409297506621 ], [ -119.692179010643002, 35.785358587740589 ], [ -119.726622803164062, 35.785358587740589 ] ] ] } },
{ "type": "Feature", "properties": { "PixelName": "Delano_40", "cell_id": 183359.0, "State": "California", "NearestCity": "Delano", "DstMiles": 31.0, "RelAbun": 4.9, "Status": "available", "RelAbun_bin": "(4.61,6.48]", "fillColor": "#0096C7", "strokeColor": "#000000" }, "geometry": { "type": "Polygon", "coordinates": [ [ [ -119.692179010643002, 35.785358587740589 ], [ -119.709297548532078, 35.811409297506621 ], [ -119.674848829813072, 35.811409297506621 ], [ -119.657735218121942, 35.785358587740589 ], [ -119.692179010643002, 35.785358587740589 ] ] ] } },
{ "type": "Feature", "properties": { "PixelName": "Delano_41", "cell_id": 183361.0, "State": "California", "NearestCity": "Delano", "DstMiles": 26.0, "RelAbun": 3.09, "Status": "available", "RelAbun_bin": "(2.9,3.64]", "fillColor": "#023E8A", "strokeColor": "#000000" }, "geometry": { "type": "Polygon", "coordinates": [ [ [ -119.623291425600911, 35.785358587740589 ], [ -119.640400111094095, 35.811409297506621 ], [ -119.605951392375061, 35.811409297506621 ], [ -119.588847633079851, 35.785358587740589 ], [ -119.623291425600911, 35.785358587740589 ] ] ] } },
{ "type": "Feature", "properties": { "PixelName": "Delano_42", "cell_id": 183362.0, "State": "California", "NearestCity": "Delano", "DstMiles": 24.0, "RelAbun": 2.95, "Status": "available", "RelAbun_bin": "(2.9,3.64]", "fillColor": "#023E8A", "strokeColor": "#000000" }, "geometry": { "type": "Polygon", "coordinates": [ [ [ -119.588847633079851, 35.785358587740589 ], [ -119.605951392375061, 35.811409297506621 ], [ -119.571502673656084, 35.811409297506621 ], [ -119.55440384055882, 35.785358587740589 ], [ -119.588847633079851, 35.785358587740589 ] ] ] } },
{ "type": "Feature", "properties": { "PixelName": "Delano_43", "cell_id": 183363.0, "State": "California", "NearestCity": "Delano", "DstMiles": 21.0, "RelAbun": 4.61, "Status": "available", "RelAbun_bin": "(3.64,4.61]", "fillColor": "#0077B6", "strokeColor": "#000000" }, "geometry": { "type": "Polygon", "coordinates": [ [ [ -119.55440384055882, 35.785358587740589 ], [ -119.571502673656084, 35.811409297506621 ], [ -119.537053954937093, 35.811409297506621 ], [ -119.51996004803776, 35.785358587740589 ], [ -119.55440384055882, 35.785358587740589 ] ] ] } },
{ "type": "Feature", "properties": { "PixelName": "Delano_44", "cell_id": 183364.0, "State": "California", "NearestCity": "Delano", "DstMiles": 19.0, "RelAbun": 4.61, "Status": "available", "RelAbun_bin": "(3.64,4.61]", "fillColor": "#0077B6", "strokeColor": "#000000" }, "geometry": { "type": "Polygon", "coordinates": [ [ [ -119.51996004803776, 35.785358587740589 ], [ -119.537053954937093, 35.811409297506621 ], [ -119.502605236218088, 35.811409297506621 ], [ -119.485516255516714, 35.785358587740589 ], [ -119.51996004803776, 35.785358587740589 ] ] ] } },
{ "type": "Feature", "properties": { "PixelName": "Delano_45", "cell_id": 183365.0, "State": "California", "NearestCity": "Delano", "DstMiles": 16.0, "RelAbun": 4.05, "Status": "available", "RelAbun_bin": "(3.64,4.61]", "fillColor": "#0077B6", "strokeColor": "#000000" }, "geometry": { "type": "Polygon", "coordinates": [ [ [ -119.485516255516714, 35.785358587740589 ], [ -119.502605236218088, 35.811409297506621 ], [ -119.468156517499054, 35.811409297506621 ], [ -119.451072462995668, 35.785358587740589 ], [ -119.485516255516714, 35.785358587740589 ] ] ] } },
{ "type": "Feature", "properties": { "PixelName": "Delano_46", "cell_id": 184146.0, "State": "California", "NearestCity": "Delano", "DstMiles": 36.0, "RelAbun": 3.71, "Status": "available", "RelAbun_bin": "(3.64,4.61]", "fillColor": "#0077B6", "strokeColor": "#000000" }, "geometry": { "type": "Polygon", "coordinates": [ [ [ -119.778396607613928, 35.759312540246789 ], [ -119.795510388206154, 35.785358587740589 ], [ -119.761066595685122, 35.785358587740589 ], [ -119.74395773567386, 35.759312540246789 ], [ -119.778396607613928, 35.759312540246789 ] ] ] } },
{ "type": "Feature", "properties": { "PixelName": "Delano_47", "cell_id": 184147.0, "State": "California", "NearestCity": "Delano", "DstMiles": 34.0, "RelAbun": 5.41, "Status": "available", "RelAbun_bin": "(4.61,6.48]", "fillColor": "#0096C7", "strokeColor": "#000000" }, "geometry": { "type": "Polygon", "coordinates": [ [ [ -119.74395773567386, 35.759312540246789 ], [ -119.761066595685122, 35.785358587740589 ], [ -119.726622803164062, 35.785358587740589 ], [ -119.709518863733749, 35.759312540246789 ], [ -119.74395773567386, 35.759312540246789 ] ] ] } },
{ "type": "Feature", "properties": { "PixelName": "Delano_48", "cell_id": 184148.0, "State": "California", "NearestCity": "Delano", "DstMiles": 32.0, "RelAbun": 5.04, "Status": "available", "RelAbun_bin": "(4.61,6.48]", "fillColor": "#0096C7", "strokeColor": "#000000" }, "geometry": { "type": "Polygon", "coordinates": [ [ [ -119.709518863733749, 35.759312540246789 ], [ -119.726622803164062, 35.785358587740589 ], [ -119.692179010643002, 35.785358587740589 ], [ -119.675079991793652, 35.759312540246789 ], [ -119.709518863733749, 35.759312540246789 ] ] ] } },
{ "type": "Feature", "properties": { "PixelName": "Delano_49", "cell_id": 184149.0, "State": "California", "NearestCity": "Delano", "DstMiles": 29.0, "RelAbun": 3.27, "Status": "available", "RelAbun_bin": "(2.9,3.64]", "fillColor": "#023E8A", "strokeColor": "#000000" }, "geometry": { "type": "Polygon", "coordinates": [ [ [ -119.675079991793652, 35.759312540246789 ], [ -119.692179010643002, 35.785358587740589 ], [ -119.657735218121942, 35.785358587740589 ], [ -119.640641119853555, 35.759312540246789 ], [ -119.675079991793652, 35.759312540246789 ] ] ] } },
{ "type": "Feature", "properties": { "PixelName": "Delano_50", "cell_id": 184153.0, "State": "California", "NearestCity": "Delano", "DstMiles": 20.0, "RelAbun": 3.22, "Status": "available", "RelAbun_bin": "(2.9,3.64]", "fillColor": "#023E8A", "strokeColor": "#000000" }, "geometry": { "type": "Polygon", "coordinates": [ [ [ -119.537324504033336, 35.759312540246789 ], [ -119.55440384055882, 35.785358587740589 ], [ -119.51996004803776, 35.785358587740589 ], [ -119.502885632093239, 35.759312540246789 ], [ -119.537324504033336, 35.759312540246789 ] ] ] } },
{ "type": "Feature", "properties": { "PixelName": "Delano_51", "cell_id": 184154.0, "State": "California", "NearestCity": "Delano", "DstMiles": 17.0, "RelAbun": 4.6, "Status": "available", "RelAbun_bin": "(3.64,4.61]", "fillColor": "#0077B6", "strokeColor": "#000000" }, "geometry": { "type": "Polygon", "coordinates": [ [ [ -119.502885632093239, 35.759312540246789 ], [ -119.51996004803776, 35.785358587740589 ], [ -119.485516255516714, 35.785358587740589 ], [ -119.468446760153142, 35.759312540246789 ], [ -119.502885632093239, 35.759312540246789 ] ] ] } },
{ "type": "Feature", "properties": { "PixelName": "Delano_52", "cell_id": 184938.0, "State": "California", "NearestCity": "Delano", "DstMiles": 31.0, "RelAbun": 4.57, "Status": "available", "RelAbun_bin": "(3.64,4.61]", "fillColor": "#0077B6", "strokeColor": "#000000" }, "geometry": { "type": "Polygon", "coordinates": [ [ [ -119.692434425737744, 35.733271148276259 ], [ -119.709518863733749, 35.759312540246789 ], [ -119.675079991793652, 35.759312540246789 ], [ -119.658000468768307, 35.733271148276259 ], [ -119.692434425737744, 35.733271148276259 ] ] ] } },
{ "type": "Feature", "properties": { "PixelName": "Delano_53", "cell_id": 184939.0, "State": "California", "NearestCity": "Delano", "DstMiles": 28.0, "RelAbun": 2.94, "Status": "available", "RelAbun_bin": "(2.9,3.64]", "fillColor": "#023E8A", "strokeColor": "#000000" }, "geometry": { "type": "Polygon", "coordinates": [ [ [ -119.658000468768307, 35.733271148276259 ], [ -119.675079991793652, 35.759312540246789 ], [ -119.640641119853555, 35.759312540246789 ], [ -119.62356651179887, 35.733271148276259 ], [ -119.658000468768307, 35.733271148276259 ] ] ] } },
{ "type": "Feature", "properties": { "PixelName": "Delano_54", "cell_id": 184942.0, "State": "California", "NearestCity": "Delano", "DstMiles": 21.0, "RelAbun": 4.22, "Status": "available", "RelAbun_bin": "(3.64,4.61]", "fillColor": "#0077B6", "strokeColor": "#000000" }, "geometry": { "type": "Polygon", "coordinates": [ [ [ -119.554698597860025, 35.733271148276259 ], [ -119.57176337597339, 35.759312540246789 ], [ -119.537324504033336, 35.759312540246789 ], [ -119.520264640890616, 35.733271148276259 ], [ -119.554698597860025, 35.733271148276259 ] ] ] } },
{ "type": "Feature", "properties": { "PixelName": "Delano_55", "cell_id": 185727.0, "State": "California", "NearestCity": "Delano", "DstMiles": 32.0, "RelAbun": 2.85, "Status": "available", "RelAbun_bin": [ 2.5, 2.9 ], "fillColor": "#03045E", "strokeColor": "#000000" }, "geometry": { "type": "Polygon", "coordinates": [ [ [ -119.709798513604795, 35.707234405091938 ], [ -119.72686838270721, 35.733271148276259 ], [ -119.692434425737744, 35.733271148276259 ], [ -119.675369466002351, 35.707234405091938 ], [ -119.709798513604795, 35.707234405091938 ] ] ] } },
{ "type": "Feature", "properties": { "PixelName": "Delano_56", "cell_id": 185728.0, "State": "California", "NearestCity": "Delano", "DstMiles": 30.0, "RelAbun": 4.5, "Status": "available", "RelAbun_bin": "(3.64,4.61]", "fillColor": "#0077B6", "strokeColor": "#000000" }, "geometry": { "type": "Polygon", "coordinates": [ [ [ -119.675369466002351, 35.707234405091938 ], [ -119.692434425737744, 35.733271148276259 ], [ -119.658000468768307, 35.733271148276259 ], [ -119.640940418399921, 35.707234405091938 ], [ -119.675369466002351, 35.707234405091938 ] ] ] } },
{ "type": "Feature", "properties": { "PixelName": "Delano_57", "cell_id": 185731.0, "State": "California", "NearestCity": "Delano", "DstMiles": 22.0, "RelAbun": 2.55, "Status": "available", "RelAbun_bin": [ 2.5, 2.9 ], "fillColor": "#03045E", "strokeColor": "#000000" }, "geometry": { "type": "Polygon", "coordinates": [ [ [ -119.572082323195119, 35.707234405091938 ], [ -119.589132554829462, 35.733271148276259 ], [ -119.554698597860025, 35.733271148276259 ], [ -119.537653275592703, 35.707234405091938 ], [ -119.572082323195119, 35.707234405091938 ] ] ] } },
{ "type": "Feature", "properties": { "PixelName": "Delano_58", "cell_id": 186517.0, "State": "California", "NearestCity": "Delano", "DstMiles": 31.0, "RelAbun": 3.36, "Status": "available", "RelAbun_bin": "(2.9,3.64]", "fillColor": "#023E8A", "strokeColor": "#000000" }, "geometry": { "type": "Polygon", "coordinates": [ [ [ -119.692748105234642, 35.681202303968682 ], [ -119.709798513604795, 35.707234405091938 ], [ -119.675369466002351, 35.707234405091938 ], [ -119.658323961402246, 35.681202303968682 ], [ -119.692748105234642, 35.681202303968682 ] ] ] } },
{ "type": "Feature", "properties": { "PixelName": "Delano_59", "cell_id": 186518.0, "State": "California", "NearestCity": "Delano", "DstMiles": 29.0, "RelAbun": 3.19, "Status": "available", "RelAbun_bin": "(2.9,3.64]", "fillColor": "#023E8A", "strokeColor": "#000000" }, "geometry": { "type": "Polygon", "coordinates": [ [ [ -119.658323961402246, 35.681202303968682 ], [ -119.675369466002351, 35.707234405091938 ], [ -119.640940418399921, 35.707234405091938 ], [ -119.623899817569836, 35.681202303968682 ], [ -119.658323961402246, 35.681202303968682 ] ] ] } },
{ "type": "Feature", "properties": { "PixelName": "Delano_60", "cell_id": 186519.0, "State": "California", "NearestCity": "Delano", "DstMiles": 26.0, "RelAbun": 3.69, "Status": "available", "RelAbun_bin": "(3.64,4.61]", "fillColor": "#0077B6", "strokeColor": "#000000" }, "geometry": { "type": "Polygon", "coordinates": [ [ [ -119.623899817569836, 35.681202303968682 ], [ -119.640940418399921, 35.707234405091938 ], [ -119.60651137079752, 35.707234405091938 ], [ -119.589475673737439, 35.681202303968682 ], [ -119.623899817569836, 35.681202303968682 ] ] ] } },
{ "type": "Feature", "properties": { "PixelName": "Delano_61", "cell_id": 187308.0, "State": "California", "NearestCity": "Delano", "DstMiles": 28.0, "RelAbun": 3.54, "Status": "available", "RelAbun_bin": "(2.9,3.64]", "fillColor": "#023E8A", "strokeColor": "#000000" }, "geometry": { "type": "Polygon", "coordinates": [ [ [ -119.641297888860208, 35.65517483819319 ], [ -119.658323961402246, 35.681202303968682 ], [ -119.623899817569836, 35.681202303968682 ], [ -119.606878643207509, 35.65517483819319 ], [ -119.641297888860208, 35.65517483819319 ] ] ] } },
{ "type": "Feature", "properties": { "PixelName": "Delano_62", "cell_id": 189671.0, "State": "California", "NearestCity": "Delano", "DstMiles": 43.0, "RelAbun": 2.66, "Status": "available", "RelAbun_bin": [ 2.5, 2.9 ], "fillColor": "#03045E", "strokeColor": "#000000" }, "geometry": { "type": "Polygon", "coordinates": [ [ [ -119.831168125662046, 35.577120185998112 ], [ -119.848170210148908, 35.603133785891657 ], [ -119.813760744110951, 35.603133785891657 ], [ -119.796763541072451, 35.577120185998112 ], [ -119.831168125662046, 35.577120185998112 ] ] ] } },
{ "type": "Feature", "properties": { "PixelName": "SanLuisObispo_1", "cell_id": 193611.0, "State": "California", "NearestCity": "San Luis Obispo", "DstMiles": 43.0, "RelAbun": 4.05, "Status": "available", "RelAbun_bin": "(3.64,4.61]", "fillColor": "#0077B6", "strokeColor": "#000000" }, "geometry": { "type": "Polygon", "coordinates": [ [ [ -120.09025054070473, 35.447121182809049 ], [ -120.107204494600651, 35.473111806066029 ], [ -120.072819380230612, 35.473111806066029 ], [ -120.055870280028898, 35.447121182809049 ], [ -120.09025054070473, 35.447121182809049 ] ] ] } },
{ "type": "Feature", "properties": { "PixelName": "SanLuisObispo_2", "cell_id": 194400.0, "State": "California", "NearestCity": "San Luis Obispo", "DstMiles": 41.0, "RelAbun": 4.27, "Status": "available", "RelAbun_bin": "(3.64,4.61]", "fillColor": "#0077B6", "strokeColor": "#000000" }, "geometry": { "type": "Polygon", "coordinates": [ [ [ -120.107691319870867, 35.421135135009379 ], [ -120.12463080138059, 35.447121182809049 ], [ -120.09025054070473, 35.447121182809049 ], [ -120.073315907357994, 35.421135135009379 ], [ -120.107691319870867, 35.421135135009379 ] ] ] } },
{ "type": "Feature", "properties": { "PixelName": "SanLuisObispo_3", "cell_id": 194401.0, "State": "California", "NearestCity": "San Luis Obispo", "DstMiles": 43.0, "RelAbun": 4.32, "Status": "available", "RelAbun_bin": "(3.64,4.61]", "fillColor": "#0077B6", "strokeColor": "#000000" }, "geometry": { "type": "Polygon", "coordinates": [ [ [ -120.073315907357994, 35.421135135009379 ], [ -120.09025054070473, 35.447121182809049 ], [ -120.055870280028898, 35.447121182809049 ], [ -120.038940494845164, 35.421135135009379 ], [ -120.073315907357994, 35.421135135009379 ] ] ] } },
{ "type": "Feature", "properties": { "PixelName": "SanLuisObispo_4", "cell_id": 195190.0, "State": "California", "NearestCity": "San Luis Obispo", "DstMiles": 41.0, "RelAbun": 5.49, "Status": "available", "RelAbun_bin": "(4.61,6.48]", "fillColor": "#0096C7", "strokeColor": "#000000" }, "geometry": { "type": "Polygon", "coordinates": [ [ [ -120.09077114172392, 35.395153656070747 ], [ -120.107691319870867, 35.421135135009379 ], [ -120.073315907357994, 35.421135135009379 ], [ -120.056400571849338, 35.395153656070747 ], [ -120.09077114172392, 35.395153656070747 ] ] ] } },
{ "type": "Feature", "properties": { "PixelName": "SanLuisObispo_5", "cell_id": 195191.0, "State": "California", "NearestCity": "San Luis Obispo", "DstMiles": 44.0, "RelAbun": 6.52, "Status": "available", "RelAbun_bin": "(6.48,25.2]", "fillColor": "#00B4D8", "strokeColor": "#000000" }, "geometry": { "type": "Polygon", "coordinates": [ [ [ -120.056400571849338, 35.395153656070747 ], [ -120.073315907357994, 35.421135135009379 ], [ -120.038940494845164, 35.421135135009379 ], [ -120.022030001974798, 35.395153656070747 ], [ -120.056400571849338, 35.395153656070747 ] ] ] } },
{ "type": "Feature", "properties": { "PixelName": "SanLuisObispo_6", "cell_id": 195980.0, "State": "California", "NearestCity": "San Luis Obispo", "DstMiles": 42.0, "RelAbun": 3.64, "Status": "available", "RelAbun_bin": "(2.9,3.64]", "fillColor": "#023E8A", "strokeColor": "#000000" }, "geometry": { "type": "Polygon", "coordinates": [ [ [ -120.073870244269315, 35.369176739408346 ], [ -120.09077114172392, 35.395153656070747 ], [ -120.056400571849338, 35.395153656070747 ], [ -120.039504511514806, 35.369176739408346 ], [ -120.073870244269315, 35.369176739408346 ] ] ] } },
{ "type": "Feature", "properties": { "PixelName": "SanLuisObispo_7", "cell_id": 195981.0, "State": "California", "NearestCity": "San Luis Obispo", "DstMiles": 44.0, "RelAbun": 4.72, "Status": "available", "RelAbun_bin": "(4.61,6.48]", "fillColor": "#0096C7", "strokeColor": "#000000" }, "geometry": { "type": "Polygon", "coordinates": [ [ [ -120.039504511514806, 35.369176739408346 ], [ -120.056400571849338, 35.395153656070747 ], [ -120.022030001974798, 35.395153656070747 ], [ -120.005138778760312, 35.369176739408346 ], [ -120.039504511514806, 35.369176739408346 ] ] ] } },
{ "type": "Feature", "properties": { "PixelName": "SanLuisObispo_8", "cell_id": 196770.0, "State": "California", "NearestCity": "San Luis Obispo", "DstMiles": 43.0, "RelAbun": 2.73, "Status": "available", "RelAbun_bin": [ 2.5, 2.9 ], "fillColor": "#03045E", "strokeColor": "#000000" }, "geometry": { "type": "Polygon", "coordinates": [ [ [ -120.056988604883884, 35.343204378448917 ], [ -120.073870244269315, 35.369176739408346 ], [ -120.039504511514806, 35.369176739408346 ], [ -120.022627703737641, 35.343204378448917 ], [ -120.056988604883884, 35.343204378448917 ] ] ] } },
{ "type": "Feature", "properties": { "PixelName": "SanLuisObispo_9", "cell_id": 196771.0, "State": "California", "NearestCity": "San Luis Obispo", "DstMiles": 45.0, "RelAbun": 5.2, "Status": "available", "RelAbun_bin": "(4.61,6.48]", "fillColor": "#0096C7", "strokeColor": "#000000" }, "geometry": { "type": "Polygon", "coordinates": [ [ [ -120.022627703737641, 35.343204378448917 ], [ -120.039504511514806, 35.369176739408346 ], [ -120.005138778760312, 35.369176739408346 ], [ -119.988266802591454, 35.343204378448917 ], [ -120.022627703737641, 35.343204378448917 ] ] ] } },
{ "type": "Feature", "properties": { "PixelName": "SantaMaria_1", "cell_id": 196772.0, "State": "California", "NearestCity": "Santa Maria", "DstMiles": 47.0, "RelAbun": 2.88, "Status": "available", "RelAbun_bin": [ 2.5, 2.9 ], "fillColor": "#03045E", "strokeColor": "#000000" }, "geometry": { "type": "Polygon", "coordinates": [ [ [ -119.988266802591454, 35.343204378448917 ], [ -120.005138778760312, 35.369176739408346 ], [ -119.970773046005803, 35.369176739408346 ], [ -119.953905901445268, 35.343204378448917 ], [ -119.988266802591454, 35.343204378448917 ] ] ] } },
{ "type": "Feature", "properties": { "PixelName": "SantaMaria_2", "cell_id": 197560.0, "State": "California", "NearestCity": "Santa Maria", "DstMiles": 43.0, "RelAbun": 4.73, "Status": "available", "RelAbun_bin": "(4.61,6.48]", "fillColor": "#0096C7", "strokeColor": "#000000" }, "geometry": { "type": "Polygon", "coordinates": [ [ [ -120.040126200991295, 35.317236566630669 ], [ -120.056988604883884, 35.343204378448917 ], [ -120.022627703737641, 35.343204378448917 ], [ -120.005770125948061, 35.317236566630669 ], [ -120.040126200991295, 35.317236566630669 ] ] ] } },
{ "type": "Feature", "properties": { "PixelName": "SantaMaria_3", "cell_id": 197562.0, "State": "California", "NearestCity": "Santa Maria", "DstMiles": 47.0, "RelAbun": 5.26, "Status": "available", "RelAbun_bin": "(4.61,6.48]", "fillColor": "#0096C7", "strokeColor": "#000000" }, "geometry": { "type": "Polygon", "coordinates": [ [ [ -119.971414050904869, 35.317236566630669 ], [ -119.988266802591454, 35.343204378448917 ], [ -119.953905901445268, 35.343204378448917 ], [ -119.937057975861663, 35.317236566630669 ], [ -119.971414050904869, 35.317236566630669 ] ] ] } },
{ "type": "Feature", "properties": { "PixelName": "SantaMaria_4", "cell_id": 198351.0, "State": "California", "NearestCity": "Santa Maria", "DstMiles": 44.0, "RelAbun": 2.59, "Status": "available", "RelAbun_bin": [ 2.5, 2.9 ], "fillColor": "#03045E", "strokeColor": "#000000" }, "geometry": { "type": "Polygon", "coordinates": [ [ [ -119.98893175562317, 35.291273297403194 ], [ -120.005770125948061, 35.317236566630669 ], [ -119.971414050904869, 35.317236566630669 ], [ -119.95458050118414, 35.291273297403194 ], [ -119.98893175562317, 35.291273297403194 ] ] ] } },
{ "type": "Feature", "properties": { "PixelName": "SantaMaria_5", "cell_id": 198352.0, "State": "California", "NearestCity": "Santa Maria", "DstMiles": 46.0, "RelAbun": 4.86, "Status": "available", "RelAbun_bin": "(4.61,6.48]", "fillColor": "#0096C7", "strokeColor": "#000000" }, "geometry": { "type": "Polygon", "coordinates": [ [ [ -119.95458050118414, 35.291273297403194 ], [ -119.971414050904869, 35.317236566630669 ], [ -119.937057975861663, 35.317236566630669 ], [ -119.920229246745109, 35.291273297403194 ], [ -119.95458050118414, 35.291273297403194 ] ] ] } },
{ "type": "Feature", "properties": { "PixelName": "SantaMaria_6", "cell_id": 198353.0, "State": "California", "NearestCity": "Santa Maria", "DstMiles": 48.0, "RelAbun": 6.82, "Status": "available", "RelAbun_bin": "(6.48,25.2]", "fillColor": "#00B4D8", "strokeColor": "#000000" }, "geometry": { "type": "Polygon", "coordinates": [ [ [ -119.920229246745109, 35.291273297403194 ], [ -119.937057975861663, 35.317236566630669 ], [ -119.902701900818442, 35.317236566630669 ], [ -119.885877992306021, 35.291273297403194 ], [ -119.920229246745109, 35.291273297403194 ] ] ] } },
{ "type": "Feature", "properties": { "PixelName": "SantaMaria_7", "cell_id": 198354.0, "State": "California", "NearestCity": "Santa Maria", "DstMiles": 49.0, "RelAbun": 3.9, "Status": "available", "RelAbun_bin": "(3.64,4.61]", "fillColor": "#0077B6", "strokeColor": "#000000" }, "geometry": { "type": "Polygon", "coordinates": [ [ [ -119.885877992306021, 35.291273297403194 ], [ -119.902701900818442, 35.317236566630669 ], [ -119.868345825775222, 35.317236566630669 ], [ -119.851526737866962, 35.291273297403194 ], [ -119.885877992306021, 35.291273297403194 ] ] ] } },
{ "type": "Feature", "properties": { "PixelName": "SantaMaria_8", "cell_id": 199142.0, "State": "California", "NearestCity": "Santa Maria", "DstMiles": 45.0, "RelAbun": 2.77, "Status": "available", "RelAbun_bin": [ 2.5, 2.9 ], "fillColor": "#03045E", "strokeColor": "#000000" }, "geometry": { "type": "Polygon", "coordinates": [ [ [ -119.93776613095956, 35.265314564227538 ], [ -119.95458050118414, 35.291273297403194 ], [ -119.920229246745109, 35.291273297403194 ], [ -119.90341969163228, 35.265314564227538 ], [ -119.93776613095956, 35.265314564227538 ] ] ] } },
{ "type": "Feature", "properties": { "PixelName": "SantaMaria_9", "cell_id": 199144.0, "State": "California", "NearestCity": "Santa Maria", "DstMiles": 49.0, "RelAbun": 6.41, "Status": "available", "RelAbun_bin": "(4.61,6.48]", "fillColor": "#0096C7", "strokeColor": "#000000" }, "geometry": { "type": "Polygon", "coordinates": [ [ [ -119.869073252304958, 35.265314564227538 ], [ -119.885877992306021, 35.291273297403194 ], [ -119.851526737866962, 35.291273297403194 ], [ -119.83472681297765, 35.265314564227538 ], [ -119.869073252304958, 35.265314564227538 ] ] ] } },
{ "type": "Feature", "properties": { "PixelName": "SantaMaria_10", "cell_id": 199934.0, "State": "California", "NearestCity": "Santa Maria", "DstMiles": 49.0, "RelAbun": 7.69, "Status": "available", "RelAbun_bin": "(6.48,25.2]", "fillColor": "#00B4D8", "strokeColor": "#000000" }, "geometry": { "type": "Polygon", "coordinates": [ [ [ -119.852287658404933, 35.239360360576093 ], [ -119.869073252304958, 35.265314564227538 ], [ -119.83472681297765, 35.265314564227538 ], [ -119.817946028703403, 35.239360360576093 ], [ -119.852287658404933, 35.239360360576093 ] ] ] } },
{ "type": "Feature", "properties": { "PixelName": "SantaMaria_11", "cell_id": 200725.0, "State": "California", "NearestCity": "Santa Maria", "DstMiles": 51.0, "RelAbun": 9.86, "Status": "available", "RelAbun_bin": "(6.48,25.2]", "fillColor": "#00B4D8", "strokeColor": "#000000" }, "geometry": { "type": "Polygon", "coordinates": [ [ [ -119.801184362686968, 35.213410679932622 ], [ -119.817946028703403, 35.239360360576093 ], [ -119.78360439900186, 35.239360360576093 ], [ -119.766847537131596, 35.213410679932622 ], [ -119.801184362686968, 35.213410679932622 ] ] ] } },
{ "type": "Feature", "properties": { "PixelName": "SantaMaria_12", "cell_id": 201512.0, "State": "California", "NearestCity": "Santa Maria", "DstMiles": 44.0, "RelAbun": 3.32, "Status": "available", "RelAbun_bin": "(2.9,3.64]", "fillColor": "#023E8A", "strokeColor": "#000000" }, "geometry": { "type": "Polygon", "coordinates": [ [ [ -119.887437873264503, 35.187465515792141 ], [ -119.904194839353082, 35.213410679932622 ], [ -119.869858013797725, 35.213410679932622 ], [ -119.853105846382149, 35.187465515792141 ], [ -119.887437873264503, 35.187465515792141 ] ] ] } },
{ "type": "Feature", "properties": { "PixelName": "SantaMaria_13", "cell_id": 201515.0, "State": "California", "NearestCity": "Santa Maria", "DstMiles": 51.0, "RelAbun": 7.87, "Status": "available", "RelAbun_bin": "(6.48,25.2]", "fillColor": "#00B4D8", "strokeColor": "#000000" }, "geometry": { "type": "Polygon", "coordinates": [ [ [ -119.784441792617386, 35.187465515792141 ], [ -119.801184362686968, 35.213410679932622 ], [ -119.766847537131596, 35.213410679932622 ], [ -119.750109765735004, 35.187465515792141 ], [ -119.784441792617386, 35.187465515792141 ] ] ] } },
{ "type": "Feature", "properties": { "PixelName": "SantaMaria_14", "cell_id": 202302.0, "State": "California", "NearestCity": "Santa Maria", "DstMiles": 44.0, "RelAbun": 8.25, "Status": "available", "RelAbun_bin": "(6.48,25.2]", "fillColor": "#00B4D8", "strokeColor": "#000000" }, "geometry": { "type": "Polygon", "coordinates": [ [ [ -119.870699997258555, 35.161524861661015 ], [ -119.887437873264503, 35.187465515792141 ], [ -119.853105846382149, 35.187465515792141 ], [ -119.836372763582389, 35.161524861661015 ], [ -119.870699997258555, 35.161524861661015 ] ] ] } },
{ "type": "Feature", "properties": { "PixelName": "SantaMaria_15", "cell_id": 202303.0, "State": "California", "NearestCity": "Santa Maria", "DstMiles": 47.0, "RelAbun": 6.05, "Status": "available", "RelAbun_bin": "(4.61,6.48]", "fillColor": "#0096C7", "strokeColor": "#000000" }, "geometry": { "type": "Polygon", "coordinates": [ [ [ -119.836372763582389, 35.161524861661015 ], [ -119.853105846382149, 35.187465515792141 ], [ -119.818773819499768, 35.187465515792141 ], [ -119.802045529906181, 35.161524861661015 ], [ -119.836372763582389, 35.161524861661015 ] ] ] } },
{ "type": "Feature", "properties": { "PixelName": "SantaMaria_16", "cell_id": 202304.0, "State": "California", "NearestCity": "Santa Maria", "DstMiles": 49.0, "RelAbun": 3.64, "Status": "available", "RelAbun_bin": "(2.9,3.64]", "fillColor": "#023E8A", "strokeColor": "#000000" }, "geometry": { "type": "Polygon", "coordinates": [ [ [ -119.802045529906181, 35.161524861661015 ], [ -119.818773819499768, 35.187465515792141 ], [ -119.784441792617386, 35.187465515792141 ], [ -119.767718296229987, 35.161524861661015 ], [ -119.802045529906181, 35.161524861661015 ] ] ] } },
{ "type": "Feature", "properties": { "PixelName": "SantaMaria_17", "cell_id": 202305.0, "State": "California", "NearestCity": "Santa Maria", "DstMiles": 51.0, "RelAbun": 6.21, "Status": "available", "RelAbun_bin": "(4.61,6.48]", "fillColor": "#0096C7", "strokeColor": "#000000" }, "geometry": { "type": "Polygon", "coordinates": [ [ [ -119.767718296229987, 35.161524861661015 ], [ -119.784441792617386, 35.187465515792141 ], [ -119.750109765735004, 35.187465515792141 ], [ -119.733391062553807, 35.161524861661015 ], [ -119.767718296229987, 35.161524861661015 ] ] ] } },
{ "type": "Feature", "properties": { "PixelName": "SantaMaria_18", "cell_id": 203093.0, "State": "California", "NearestCity": "Santa Maria", "DstMiles": 47.0, "RelAbun": 5.41, "Status": "available", "RelAbun_bin": "(4.61,6.48]", "fillColor": "#0096C7", "strokeColor": "#000000" }, "geometry": { "type": "Polygon", "coordinates": [ [ [ -119.819658743167082, 35.135588711056805 ], [ -119.836372763582389, 35.161524861661015 ], [ -119.802045529906181, 35.161524861661015 ], [ -119.785336297236611, 35.135588711056805 ], [ -119.819658743167082, 35.135588711056805 ] ] ] } },
{ "type": "Feature", "properties": { "PixelName": "SantaMaria_19", "cell_id": 203094.0, "State": "California", "NearestCity": "Santa Maria", "DstMiles": 49.0, "RelAbun": 9.62, "Status": "available", "RelAbun_bin": "(6.48,25.2]", "fillColor": "#00B4D8", "strokeColor": "#000000" }, "geometry": { "type": "Polygon", "coordinates": [ [ [ -119.785336297236611, 35.135588711056805 ], [ -119.802045529906181, 35.161524861661015 ], [ -119.767718296229987, 35.161524861661015 ], [ -119.751013851306169, 35.135588711056805 ], [ -119.785336297236611, 35.135588711056805 ] ] ] } },
{ "type": "Feature", "properties": { "PixelName": "SantaMaria_20", "cell_id": 203095.0, "State": "California", "NearestCity": "Santa Maria", "DstMiles": 51.0, "RelAbun": 6.45, "Status": "available", "RelAbun_bin": "(4.61,6.48]", "fillColor": "#0096C7", "strokeColor": "#000000" }, "geometry": { "type": "Polygon", "coordinates": [ [ [ -119.751013851306169, 35.135588711056805 ], [ -119.767718296229987, 35.161524861661015 ], [ -119.733391062553807, 35.161524861661015 ], [ -119.716691405375741, 35.135588711056805 ], [ -119.751013851306169, 35.135588711056805 ] ] ] } },
{ "type": "Feature", "properties": { "PixelName": "SantaMaria_21", "cell_id": 203884.0, "State": "California", "NearestCity": "Santa Maria", "DstMiles": 49.0, "RelAbun": 2.71, "Status": "available", "RelAbun_bin": [ 2.5, 2.9 ], "fillColor": "#03045E", "strokeColor": "#000000" }, "geometry": { "type": "Polygon", "coordinates": [ [ [ -119.768646099312278, 35.109657057508372 ], [ -119.785336297236611, 35.135588711056805 ], [ -119.751013851306169, 35.135588711056805 ], [ -119.73432843567349, 35.109657057508372 ], [ -119.768646099312278, 35.109657057508372 ] ] ] } },
{ "type": "Feature", "properties": { "PixelName": "SantaMaria_22", "cell_id": 203885.0, "State": "California", "NearestCity": "Santa Maria", "DstMiles": 52.0, "RelAbun": 7.89, "Status": "available", "RelAbun_bin": "(6.48,25.2]", "fillColor": "#00B4D8", "strokeColor": "#000000" }, "geometry": { "type": "Polygon", "coordinates": [ [ [ -119.73432843567349, 35.109657057508372 ], [ -119.751013851306169, 35.135588711056805 ], [ -119.716691405375741, 35.135588711056805 ], [ -119.700010772034744, 35.109657057508372 ], [ -119.73432843567349, 35.109657057508372 ] ] ] } },
{ "type": "Feature", "properties": { "PixelName": "Bakersfield_1", "cell_id": 203886.0, "State": "California", "NearestCity": "Bakersfield", "DstMiles": 51.0, "RelAbun": 5.93, "Status": "available", "RelAbun_bin": "(4.61,6.48]", "fillColor": "#0096C7", "strokeColor": "#000000" }, "geometry": { "type": "Polygon", "coordinates": [ [ [ -119.700010772034744, 35.109657057508372 ], [ -119.716691405375741, 35.135588711056805 ], [ -119.682368959445299, 35.135588711056805 ], [ -119.665693108395956, 35.109657057508372 ], [ -119.700010772034744, 35.109657057508372 ] ] ] } },
{ "type": "Feature", "properties": { "PixelName": "SantaMaria_23", "cell_id": 204675.0, "State": "California", "NearestCity": "Santa Maria", "DstMiles": 52.0, "RelAbun": 5.46, "Status": "available", "RelAbun_bin": "(4.61,6.48]", "fillColor": "#0096C7", "strokeColor": "#000000" }, "geometry": { "type": "Polygon", "coordinates": [ [ [ -119.717662027205293, 35.083729894555646 ], [ -119.73432843567349, 35.109657057508372 ], [ -119.700010772034744, 35.109657057508372 ], [ -119.683349140410442, 35.083729894555646 ], [ -119.717662027205293, 35.083729894555646 ] ] ] } },
{ "type": "Feature", "properties": { "PixelName": "Bakersfield_2", "cell_id": 204676.0, "State": "California", "NearestCity": "Bakersfield", "DstMiles": 51.0, "RelAbun": 6.63, "Status": "available", "RelAbun_bin": "(6.48,25.2]", "fillColor": "#00B4D8", "strokeColor": "#000000" }, "geometry": { "type": "Polygon", "coordinates": [ [ [ -119.683349140410442, 35.083729894555646 ], [ -119.700010772034744, 35.109657057508372 ], [ -119.665693108395956, 35.109657057508372 ], [ -119.64903625361562, 35.083729894555646 ], [ -119.683349140410442, 35.083729894555646 ] ] ] } },
{ "type": "Feature", "properties": { "PixelName": "Bakersfield_3", "cell_id": 205467.0, "State": "California", "NearestCity": "Bakersfield", "DstMiles": 49.0, "RelAbun": 2.84, "Status": "available", "RelAbun_bin": [ 2.5, 2.9 ], "fillColor": "#03045E", "strokeColor": "#000000" }, "geometry": { "type": "Polygon", "coordinates": [ [ [ -119.632398373036125, 35.057807215749847 ], [ -119.64903625361562, 35.083729894555646 ], [ -119.614723366820769, 35.083729894555646 ], [ -119.598090257643804, 35.057807215749847 ], [ -119.632398373036125, 35.057807215749847 ] ] ] } },
{ "type": "Feature", "properties": { "PixelName": "Lancaster_1", "cell_id": 216567.0, "State": "California", "NearestCity": "Lancaster", "DstMiles": 8.0, "RelAbun": 2.69, "Status": "available", "RelAbun_bin": [ 2.5, 2.9 ], "fillColor": "#03045E", "strokeColor": "#000000" }, "geometry": { "type": "Polygon", "coordinates": [ [ [ -118.031772742158211, 34.69535696285795 ], [ -118.047959440511534, 34.721217534554263 ], [ -118.013712861039394, 34.721217534554263 ], [ -117.997530858566051, 34.69535696285795 ], [ -118.031772742158211, 34.69535696285795 ] ] ] } },
{ "type": "Feature", "properties": { "PixelName": "Lancaster_2", "cell_id": 218148.0, "State": "California", "NearestCity": "Lancaster", "DstMiles": 13.0, "RelAbun": 2.65, "Status": "available", "RelAbun_bin": [ 2.5, 2.9 ], "fillColor": "#03045E", "strokeColor": "#000000" }, "geometry": { "type": "Polygon", "coordinates": [ [ [ -117.965222120500044, 34.643648979392715 ], [ -117.981367285419523, 34.669500779895529 ], [ -117.94713009235933, 34.669500779895529 ], [ -117.930989612629901, 34.643648979392715 ], [ -117.965222120500044, 34.643648979392715 ] ] ] } },
{ "type": "Feature", "properties": { "PixelName": "Lancaster_3", "cell_id": 218935.0, "State": "California", "NearestCity": "Lancaster", "DstMiles": 9.0, "RelAbun": 4.84, "Status": "available", "RelAbun_bin": "(4.61,6.48]", "fillColor": "#0096C7", "strokeColor": "#000000" }, "geometry": { "type": "Polygon", "coordinates": [ [ [ -118.051778826798952, 34.617801555086025 ], [ -118.067919644110489, 34.643648979392715 ], [ -118.033687136240317, 34.643648979392715 ], [ -118.017550998783037, 34.617801555086025 ], [ -118.051778826798952, 34.617801555086025 ] ] ] } },
{ "type": "Feature", "properties": { "PixelName": "Lancaster_4", "cell_id": 218936.0, "State": "California", "NearestCity": "Lancaster", "DstMiles": 10.0, "RelAbun": 4.48, "Status": "available", "RelAbun_bin": "(3.64,4.61]", "fillColor": "#0077B6", "strokeColor": "#000000" }, "geometry": { "type": "Polygon", "coordinates": [ [ [ -118.017550998783037, 34.617801555086025 ], [ -118.033687136240317, 34.643648979392715 ], [ -117.999454628370202, 34.643648979392715 ], [ -117.983323170767136, 34.617801555086025 ], [ -118.017550998783037, 34.617801555086025 ] ] ] } },
{ "type": "Feature", "properties": { "PixelName": "Lancaster_5", "cell_id": 219725.0, "State": "California", "NearestCity": "Lancaster", "DstMiles": 11.0, "RelAbun": 2.87, "Status": "available", "RelAbun_bin": [ 2.5, 2.9 ], "fillColor": "#03045E", "strokeColor": "#000000" }, "geometry": { "type": "Polygon", "coordinates": [ [ [ -118.03565639163412, 34.591958500722534 ], [ -118.051778826798952, 34.617801555086025 ], [ -118.017550998783037, 34.617801555086025 ], [ -118.001433238142795, 34.591958500722534 ], [ -118.03565639163412, 34.591958500722534 ] ] ] } },
{ "type": "Feature", "properties": { "PixelName": "Lancaster_6", "cell_id": 219727.0, "State": "California", "NearestCity": "Lancaster", "DstMiles": 15.0, "RelAbun": 2.69, "Status": "available", "RelAbun_bin": [ 2.5, 2.9 ], "fillColor": "#03045E", "strokeColor": "#000000" }, "geometry": { "type": "Polygon", "coordinates": [ [ [ -117.967210084651455, 34.591958500722534 ], [ -117.983323170767136, 34.617801555086025 ], [ -117.949095342751249, 34.617801555086025 ], [ -117.932986931160102, 34.591958500722534 ], [ -117.967210084651455, 34.591958500722534 ] ] ] } },
{ "type": "Feature", "properties": { "PixelName": "ElCentro_1", "cell_id": 263223.0, "State": "California", "NearestCity": "El Centro", "DstMiles": 33.0, "RelAbun": 5.78, "Status": "available", "RelAbun_bin": "(4.61,6.48]", "fillColor": "#0096C7", "strokeColor": "#000000" }, "geometry": { "type": "Polygon", "coordinates": [ [ [ -115.545877173960463, 33.177141643175759 ], [ -115.560809014582389, 33.202753680154828 ], [ -115.526830535013261, 33.202753680154828 ], [ -115.511903084817902, 33.177141643175759 ], [ -115.545877173960463, 33.177141643175759 ] ] ] } },
{ "type": "Feature", "properties": { "PixelName": "ElCentro_2", "cell_id": 263224.0, "State": "California", "NearestCity": "El Centro", "DstMiles": 33.0, "RelAbun": 7.71, "Status": "available", "RelAbun_bin": "(6.48,25.2]", "fillColor": "#00B4D8", "strokeColor": "#000000" }, "geometry": { "type": "Polygon", "coordinates": [ [ [ -115.511903084817902, 33.177141643175759 ], [ -115.526830535013261, 33.202753680154828 ], [ -115.492852055444132, 33.202753680154828 ], [ -115.477928995675285, 33.177141643175759 ], [ -115.511903084817902, 33.177141643175759 ] ] ] } },
{ "type": "Feature", "properties": { "PixelName": "ElCentro_3", "cell_id": 264011.0, "State": "California", "NearestCity": "El Centro", "DstMiles": 31.0, "RelAbun": 8.11, "Status": "available", "RelAbun_bin": "(6.48,25.2]", "fillColor": "#00B4D8", "strokeColor": "#000000" }, "geometry": { "type": "Polygon", "coordinates": [ [ [ -115.598901770838893, 33.151533642139363 ], [ -115.613825352245641, 33.177141643175759 ], [ -115.57985126310308, 33.177141643175759 ], [ -115.564932067115507, 33.151533642139363 ], [ -115.598901770838893, 33.151533642139363 ] ] ] } },
{ "type": "Feature", "properties": { "PixelName": "ElCentro_4", "cell_id": 264013.0, "State": "California", "NearestCity": "El Centro", "DstMiles": 31.0, "RelAbun": 3.23, "Status": "available", "RelAbun_bin": "(2.9,3.64]", "fillColor": "#023E8A", "strokeColor": "#000000" }, "geometry": { "type": "Polygon", "coordinates": [ [ [ -115.530962363392035, 33.151533642139363 ], [ -115.545877173960463, 33.177141643175759 ], [ -115.511903084817902, 33.177141643175759 ], [ -115.496992659668621, 33.151533642139363 ], [ -115.530962363392035, 33.151533642139363 ] ] ] } },
{ "type": "Feature", "properties": { "PixelName": "ElCentro_5", "cell_id": 264794.0, "State": "California", "NearestCity": "El Centro", "DstMiles": 34.0, "RelAbun": 4.63, "Status": "available", "RelAbun_bin": "(4.61,6.48]", "fillColor": "#0096C7", "strokeColor": "#000000" }, "geometry": { "type": "Polygon", "coordinates": [ [ [ -115.821752474166388, 33.125929671355919 ], [ -115.836689696902923, 33.151533642139363 ], [ -115.802719993179508, 33.151533642139363 ], [ -115.78778715086014, 33.125929671355919 ], [ -115.821752474166388, 33.125929671355919 ] ] ] } },
{ "type": "Feature", "properties": { "PixelName": "ElCentro_6", "cell_id": 264799.0, "State": "California", "NearestCity": "El Centro", "DstMiles": 29.0, "RelAbun": 3.72, "Status": "available", "RelAbun_bin": "(3.64,4.61]", "fillColor": "#0077B6", "strokeColor": "#000000" }, "geometry": { "type": "Polygon", "coordinates": [ [ [ -115.651925857635334, 33.125929671355919 ], [ -115.666841178285779, 33.151533642139363 ], [ -115.632871474562364, 33.151533642139363 ], [ -115.617960534329143, 33.125929671355919 ], [ -115.651925857635334, 33.125929671355919 ] ] ] } },
{ "type": "Feature", "properties": { "PixelName": "ElCentro_7", "cell_id": 264800.0, "State": "California", "NearestCity": "El Centro", "DstMiles": 29.0, "RelAbun": 8.31, "Status": "available", "RelAbun_bin": "(6.48,25.2]", "fillColor": "#00B4D8", "strokeColor": "#000000" }, "geometry": { "type": "Polygon", "coordinates": [ [ [ -115.617960534329143, 33.125929671355919 ], [ -115.632871474562364, 33.151533642139363 ], [ -115.598901770838893, 33.151533642139363 ], [ -115.583995211022909, 33.125929671355919 ], [ -115.617960534329143, 33.125929671355919 ] ] ] } },
{ "type": "Feature", "properties": { "PixelName": "ElCentro_8", "cell_id": 264801.0, "State": "California", "NearestCity": "El Centro", "DstMiles": 29.0, "RelAbun": 9.22, "Status": "available", "RelAbun_bin": "(6.48,25.2]", "fillColor": "#00B4D8", "strokeColor": "#000000" }, "geometry": { "type": "Polygon", "coordinates": [ [ [ -115.583995211022909, 33.125929671355919 ], [ -115.598901770838893, 33.151533642139363 ], [ -115.564932067115507, 33.151533642139363 ], [ -115.550029887716732, 33.125929671355919 ], [ -115.583995211022909, 33.125929671355919 ] ] ] } },
{ "type": "Feature", "properties": { "PixelName": "ElCentro_9", "cell_id": 264802.0, "State": "California", "NearestCity": "El Centro", "DstMiles": 29.0, "RelAbun": 9.02, "Status": "available", "RelAbun_bin": "(6.48,25.2]", "fillColor": "#00B4D8", "strokeColor": "#000000" }, "geometry": { "type": "Polygon", "coordinates": [ [ [ -115.550029887716732, 33.125929671355919 ], [ -115.564932067115507, 33.151533642139363 ], [ -115.530962363392035, 33.151533642139363 ], [ -115.516064564410499, 33.125929671355919 ], [ -115.550029887716732, 33.125929671355919 ] ] ] } },
{ "type": "Feature", "properties": { "PixelName": "ElCentro_10", "cell_id": 264803.0, "State": "California", "NearestCity": "El Centro", "DstMiles": 29.0, "RelAbun": 2.83, "Status": "available", "RelAbun_bin": [ 2.5, 2.9 ], "fillColor": "#03045E", "strokeColor": "#000000" }, "geometry": { "type": "Polygon", "coordinates": [ [ [ -115.516064564410499, 33.125929671355919 ], [ -115.530962363392035, 33.151533642139363 ], [ -115.496992659668621, 33.151533642139363 ], [ -115.482099241104308, 33.125929671355919 ], [ -115.516064564410499, 33.125929671355919 ] ] ] } },
{ "type": "Feature", "properties": { "PixelName": "ElCentro_11", "cell_id": 264804.0, "State": "California", "NearestCity": "El Centro", "DstMiles": 29.0, "RelAbun": 3.7, "Status": "available", "RelAbun_bin": "(3.64,4.61]", "fillColor": "#0077B6", "strokeColor": "#000000" }, "geometry": { "type": "Polygon", "coordinates": [ [ [ -115.482099241104308, 33.125929671355919 ], [ -115.496992659668621, 33.151533642139363 ], [ -115.463022955945178, 33.151533642139363 ], [ -115.448133917798074, 33.125929671355919 ], [ -115.482099241104308, 33.125929671355919 ] ] ] } },
{ "type": "Feature", "properties": { "PixelName": "ElCentro_12", "cell_id": 264805.0, "State": "California", "NearestCity": "El Centro", "DstMiles": 30.0, "RelAbun": 6.56, "Status": "available", "RelAbun_bin": "(6.48,25.2]", "fillColor": "#00B4D8", "strokeColor": "#000000" }, "geometry": { "type": "Polygon", "coordinates": [ [ [ -115.448133917798074, 33.125929671355919 ], [ -115.463022955945178, 33.151533642139363 ], [ -115.429053252221763, 33.151533642139363 ], [ -115.414168594491898, 33.125929671355919 ], [ -115.448133917798074, 33.125929671355919 ] ] ] } },
{ "type": "Feature", "properties": { "PixelName": "ElCentro_13", "cell_id": 265588.0, "State": "California", "NearestCity": "El Centro", "DstMiles": 27.0, "RelAbun": 4.78, "Status": "available", "RelAbun_bin": "(4.61,6.48]", "fillColor": "#0096C7", "strokeColor": "#000000" }, "geometry": { "type": "Polygon", "coordinates": [ [ [ -115.670988498013941, 33.100329725144825 ], [ -115.685891180941525, 33.125929671355919 ], [ -115.651925857635334, 33.125929671355919 ], [ -115.637027550128408, 33.100329725144825 ], [ -115.670988498013941, 33.100329725144825 ] ] ] } },
{ "type": "Feature", "properties": { "PixelName": "ElCentro_14", "cell_id": 265589.0, "State": "California", "NearestCity": "El Centro", "DstMiles": 27.0, "RelAbun": 9.2, "Status": "available", "RelAbun_bin": "(6.48,25.2]", "fillColor": "#00B4D8", "strokeColor": "#000000" }, "geometry": { "type": "Polygon", "coordinates": [ [ [ -115.637027550128408, 33.100329725144825 ], [ -115.651925857635334, 33.125929671355919 ], [ -115.617960534329143, 33.125929671355919 ], [ -115.603066602242961, 33.100329725144825 ], [ -115.637027550128408, 33.100329725144825 ] ] ] } },
{ "type": "Feature", "properties": { "PixelName": "ElCentro_15", "cell_id": 265590.0, "State": "California", "NearestCity": "El Centro", "DstMiles": 27.0, "RelAbun": 7.94, "Status": "available", "RelAbun_bin": "(6.48,25.2]", "fillColor": "#00B4D8", "strokeColor": "#000000" }, "geometry": { "type": "Polygon", "coordinates": [ [ [ -115.603066602242961, 33.100329725144825 ], [ -115.617960534329143, 33.125929671355919 ], [ -115.583995211022909, 33.125929671355919 ], [ -115.569105654357429, 33.100329725144825 ], [ -115.603066602242961, 33.100329725144825 ] ] ] } },
{ "type": "Feature", "properties": { "PixelName": "ElCentro_16", "cell_id": 265591.0, "State": "California", "NearestCity": "El Centro", "DstMiles": 26.0, "RelAbun": 4.58, "Status": "available", "RelAbun_bin": "(3.64,4.61]", "fillColor": "#0077B6", "strokeColor": "#000000" }, "geometry": { "type": "Polygon", "coordinates": [ [ [ -115.569105654357429, 33.100329725144825 ], [ -115.583995211022909, 33.125929671355919 ], [ -115.550029887716732, 33.125929671355919 ], [ -115.535144706471954, 33.100329725144825 ], [ -115.569105654357429, 33.100329725144825 ] ] ] } },
{ "type": "Feature", "properties": { "PixelName": "ElCentro_17", "cell_id": 265593.0, "State": "California", "NearestCity": "El Centro", "DstMiles": 27.0, "RelAbun": 5.28, "Status": "available", "RelAbun_bin": "(4.61,6.48]", "fillColor": "#0096C7", "strokeColor": "#000000" }, "geometry": { "type": "Polygon", "coordinates": [ [ [ -115.501183758586421, 33.100329725144825 ], [ -115.516064564410499, 33.125929671355919 ], [ -115.482099241104308, 33.125929671355919 ], [ -115.467222810700946, 33.100329725144825 ], [ -115.501183758586421, 33.100329725144825 ] ] ] } },
{ "type": "Feature", "properties": { "PixelName": "ElCentro_18", "cell_id": 265594.0, "State": "California", "NearestCity": "El Centro", "DstMiles": 27.0, "RelAbun": 9.44, "Status": "available", "RelAbun_bin": "(6.48,25.2]", "fillColor": "#00B4D8", "strokeColor": "#000000" }, "geometry": { "type": "Polygon", "coordinates": [ [ [ -115.467222810700946, 33.100329725144825 ], [ -115.482099241104308, 33.125929671355919 ], [ -115.448133917798074, 33.125929671355919 ], [ -115.433261862815414, 33.100329725144825 ], [ -115.467222810700946, 33.100329725144825 ] ] ] } },
{ "type": "Feature", "properties": { "PixelName": "ElCentro_19", "cell_id": 265595.0, "State": "California", "NearestCity": "El Centro", "DstMiles": 28.0, "RelAbun": 6.21, "Status": "available", "RelAbun_bin": "(4.61,6.48]", "fillColor": "#0096C7", "strokeColor": "#000000" }, "geometry": { "type": "Polygon", "coordinates": [ [ [ -115.433261862815414, 33.100329725144825 ], [ -115.448133917798074, 33.125929671355919 ], [ -115.414168594491898, 33.125929671355919 ], [ -115.399300914929967, 33.100329725144825 ], [ -115.433261862815414, 33.100329725144825 ] ] ] } },
{ "type": "Feature", "properties": { "PixelName": "ElCentro_20", "cell_id": 266377.0, "State": "California", "NearestCity": "El Centro", "DstMiles": 26.0, "RelAbun": 4.25, "Status": "available", "RelAbun_bin": "(3.64,4.61]", "fillColor": "#0077B6", "strokeColor": "#000000" }, "geometry": { "type": "Polygon", "coordinates": [ [ [ -115.690059392262881, 33.074733797834703 ], [ -115.704949445899445, 33.100329725144825 ], [ -115.670988498013941, 33.100329725144825 ], [ -115.656102814806957, 33.074733797834703 ], [ -115.690059392262881, 33.074733797834703 ] ] ] } },
{ "type": "Feature", "properties": { "PixelName": "ElCentro_21", "cell_id": 266378.0, "State": "California", "NearestCity": "El Centro", "DstMiles": 25.0, "RelAbun": 9.73, "Status": "available", "RelAbun_bin": "(6.48,25.2]", "fillColor": "#00B4D8", "strokeColor": "#000000" }, "geometry": { "type": "Polygon", "coordinates": [ [ [ -115.656102814806957, 33.074733797834703 ], [ -115.670988498013941, 33.100329725144825 ], [ -115.637027550128408, 33.100329725144825 ], [ -115.622146237351032, 33.074733797834703 ], [ -115.656102814806957, 33.074733797834703 ] ] ] } },
{ "type": "Feature", "properties": { "PixelName": "ElCentro_22", "cell_id": 266379.0, "State": "California", "NearestCity": "El Centro", "DstMiles": 25.0, "RelAbun": 8.08, "Status": "available", "RelAbun_bin": "(6.48,25.2]", "fillColor": "#00B4D8", "strokeColor": "#000000" }, "geometry": { "type": "Polygon", "coordinates": [ [ [ -115.622146237351032, 33.074733797834703 ], [ -115.637027550128408, 33.100329725144825 ], [ -115.603066602242961, 33.100329725144825 ], [ -115.588189659895178, 33.074733797834703 ], [ -115.622146237351032, 33.074733797834703 ] ] ] } },
{ "type": "Feature", "properties": { "PixelName": "ElCentro_23", "cell_id": 266380.0, "State": "California", "NearestCity": "El Centro", "DstMiles": 24.0, "RelAbun": 9.45, "Status": "available", "RelAbun_bin": "(6.48,25.2]", "fillColor": "#00B4D8", "strokeColor": "#000000" }, "geometry": { "type": "Polygon", "coordinates": [ [ [ -115.588189659895178, 33.074733797834703 ], [ -115.603066602242961, 33.100329725144825 ], [ -115.569105654357429, 33.100329725144825 ], [ -115.554233082439225, 33.074733797834703 ], [ -115.588189659895178, 33.074733797834703 ] ] ] } },
{ "type": "Feature", "properties": { "PixelName": "ElCentro_24", "cell_id": 266383.0, "State": "California", "NearestCity": "El Centro", "DstMiles": 25.0, "RelAbun": 6.08, "Status": "available", "RelAbun_bin": "(4.61,6.48]", "fillColor": "#0096C7", "strokeColor": "#000000" }, "geometry": { "type": "Polygon", "coordinates": [ [ [ -115.486319927527447, 33.074733797834703 ], [ -115.501183758586421, 33.100329725144825 ], [ -115.467222810700946, 33.100329725144825 ], [ -115.452363350071536, 33.074733797834703 ], [ -115.486319927527447, 33.074733797834703 ] ] ] } },
{ "type": "Feature", "properties": { "PixelName": "ElCentro_25", "cell_id": 266384.0, "State": "California", "NearestCity": "El Centro", "DstMiles": 26.0, "RelAbun": 8.77, "Status": "available", "RelAbun_bin": "(6.48,25.2]", "fillColor": "#00B4D8", "strokeColor": "#000000" }, "geometry": { "type": "Polygon", "coordinates": [ [ [ -115.452363350071536, 33.074733797834703 ], [ -115.467222810700946, 33.100329725144825 ], [ -115.433261862815414, 33.100329725144825 ], [ -115.41840677261564, 33.074733797834703 ], [ -115.452363350071536, 33.074733797834703 ] ] ] } },
{ "type": "Feature", "properties": { "PixelName": "ElCentro_26", "cell_id": 266385.0, "State": "California", "NearestCity": "El Centro", "DstMiles": 26.0, "RelAbun": 6.39, "Status": "available", "RelAbun_bin": "(4.61,6.48]", "fillColor": "#0096C7", "strokeColor": "#000000" }, "geometry": { "type": "Polygon", "coordinates": [ [ [ -115.41840677261564, 33.074733797834703 ], [ -115.433261862815414, 33.100329725144825 ], [ -115.399300914929967, 33.100329725144825 ], [ -115.384450195159744, 33.074733797834703 ], [ -115.41840677261564, 33.074733797834703 ] ] ] } },
{ "type": "Feature", "properties": { "PixelName": "ElCentro_27", "cell_id": 266386.0, "State": "California", "NearestCity": "El Centro", "DstMiles": 27.0, "RelAbun": 3.0, "Status": "available", "RelAbun_bin": "(2.9,3.64]", "fillColor": "#023E8A", "strokeColor": "#000000" }, "geometry": { "type": "Polygon", "coordinates": [ [ [ -115.384450195159744, 33.074733797834703 ], [ -115.399300914929967, 33.100329725144825 ], [ -115.365339967044434, 33.100329725144825 ], [ -115.350493617703805, 33.074733797834703 ], [ -115.384450195159744, 33.074733797834703 ] ] ] } },
{ "type": "Feature", "properties": { "PixelName": "ElCentro_28", "cell_id": 267166.0, "State": "California", "NearestCity": "El Centro", "DstMiles": 24.0, "RelAbun": 3.2, "Status": "available", "RelAbun_bin": "(2.9,3.64]", "fillColor": "#023E8A", "strokeColor": "#000000" }, "geometry": { "type": "Polygon", "coordinates": [ [ [ -115.709138536962257, 33.049141883763191 ], [ -115.724015969718778, 33.074733797834703 ], [ -115.690059392262881, 33.074733797834703 ], [ -115.675186324950232, 33.049141883763191 ], [ -115.709138536962257, 33.049141883763191 ] ] ] } },
{ "type": "Feature", "properties": { "PixelName": "ElCentro_29", "cell_id": 267167.0, "State": "California", "NearestCity": "El Centro", "DstMiles": 23.0, "RelAbun": 10.39, "Status": "available", "RelAbun_bin": "(6.48,25.2]", "fillColor": "#00B4D8", "strokeColor": "#000000" }, "geometry": { "type": "Polygon", "coordinates": [ [ [ -115.675186324950232, 33.049141883763191 ], [ -115.690059392262881, 33.074733797834703 ], [ -115.656102814806957, 33.074733797834703 ], [ -115.641234112938221, 33.049141883763191 ], [ -115.675186324950232, 33.049141883763191 ] ] ] } },
{ "type": "Feature", "properties": { "PixelName": "ElCentro_30", "cell_id": 267168.0, "State": "California", "NearestCity": "El Centro", "DstMiles": 23.0, "RelAbun": 11.17, "Status": "available", "RelAbun_bin": "(6.48,25.2]", "fillColor": "#00B4D8", "strokeColor": "#000000" }, "geometry": { "type": "Polygon", "coordinates": [ [ [ -115.641234112938221, 33.049141883763191 ], [ -115.656102814806957, 33.074733797834703 ], [ -115.622146237351032, 33.074733797834703 ], [ -115.607281900926182, 33.049141883763191 ], [ -115.641234112938221, 33.049141883763191 ] ] ] } },
{ "type": "Feature", "properties": { "PixelName": "ElCentro_31", "cell_id": 267169.0, "State": "California", "NearestCity": "El Centro", "DstMiles": 22.0, "RelAbun": 9.11, "Status": "available", "RelAbun_bin": "(6.48,25.2]", "fillColor": "#00B4D8", "strokeColor": "#000000" }, "geometry": { "type": "Polygon", "coordinates": [ [ [ -115.607281900926182, 33.049141883763191 ], [ -115.622146237351032, 33.074733797834703 ], [ -115.588189659895178, 33.074733797834703 ], [ -115.573329688914171, 33.049141883763191 ], [ -115.607281900926182, 33.049141883763191 ] ] ] } },
{ "type": "Feature", "properties": { "PixelName": "ElCentro_32", "cell_id": 267170.0, "State": "California", "NearestCity": "El Centro", "DstMiles": 22.0, "RelAbun": 7.7, "Status": "available", "RelAbun_bin": "(6.48,25.2]", "fillColor": "#00B4D8", "strokeColor": "#000000" }, "geometry": { "type": "Polygon", "coordinates": [ [ [ -115.573329688914171, 33.049141883763191 ], [ -115.588189659895178, 33.074733797834703 ], [ -115.554233082439225, 33.074733797834703 ], [ -115.53937747690216, 33.049141883763191 ], [ -115.573329688914171, 33.049141883763191 ] ] ] } },
{ "type": "Feature", "properties": { "PixelName": "ElCentro_33", "cell_id": 267173.0, "State": "California", "NearestCity": "El Centro", "DstMiles": 23.0, "RelAbun": 9.63, "Status": "available", "RelAbun_bin": "(6.48,25.2]", "fillColor": "#00B4D8", "strokeColor": "#000000" }, "geometry": { "type": "Polygon", "coordinates": [ [ [ -115.47147305287811, 33.049141883763191 ], [ -115.486319927527447, 33.074733797834703 ], [ -115.452363350071536, 33.074733797834703 ], [ -115.4375208408661, 33.049141883763191 ], [ -115.47147305287811, 33.049141883763191 ] ] ] } },
{ "type": "Feature", "properties": { "PixelName": "ElCentro_34", "cell_id": 267174.0, "State": "California", "NearestCity": "El Centro", "DstMiles": 24.0, "RelAbun": 8.41, "Status": "available", "RelAbun_bin": "(6.48,25.2]", "fillColor": "#00B4D8", "strokeColor": "#000000" }, "geometry": { "type": "Polygon", "coordinates": [ [ [ -115.4375208408661, 33.049141883763191 ], [ -115.452363350071536, 33.074733797834703 ], [ -115.41840677261564, 33.074733797834703 ], [ -115.40356862885406, 33.049141883763191 ], [ -115.4375208408661, 33.049141883763191 ] ] ] } },
{ "type": "Feature", "properties": { "PixelName": "ElCentro_35", "cell_id": 267175.0, "State": "California", "NearestCity": "El Centro", "DstMiles": 25.0, "RelAbun": 5.8, "Status": "available", "RelAbun_bin": "(4.61,6.48]", "fillColor": "#0096C7", "strokeColor": "#000000" }, "geometry": { "type": "Polygon", "coordinates": [ [ [ -115.40356862885406, 33.049141883763191 ], [ -115.41840677261564, 33.074733797834703 ], [ -115.384450195159744, 33.074733797834703 ], [ -115.369616416842078, 33.049141883763191 ], [ -115.40356862885406, 33.049141883763191 ] ] ] } },
{ "type": "Feature", "properties": { "PixelName": "ElCentro_36", "cell_id": 267176.0, "State": "California", "NearestCity": "El Centro", "DstMiles": 26.0, "RelAbun": 2.9, "Status": "available", "RelAbun_bin": [ 2.5, 2.9 ], "fillColor": "#03045E", "strokeColor": "#000000" }, "geometry": { "type": "Polygon", "coordinates": [ [ [ -115.369616416842078, 33.049141883763191 ], [ -115.384450195159744, 33.074733797834703 ], [ -115.350493617703805, 33.074733797834703 ], [ -115.335664204830024, 33.049141883763191 ], [ -115.369616416842078, 33.049141883763191 ] ] ] } },
{ "type": "Feature", "properties": { "PixelName": "ElCentro_37", "cell_id": 267957.0, "State": "California", "NearestCity": "El Centro", "DstMiles": 21.0, "RelAbun": 7.7, "Status": "available", "RelAbun_bin": "(6.48,25.2]", "fillColor": "#00B4D8", "strokeColor": "#000000" }, "geometry": { "type": "Polygon", "coordinates": [ [ [ -115.66033022561075, 33.023553977277118 ], [ -115.675186324950232, 33.049141883763191 ], [ -115.641234112938221, 33.049141883763191 ], [ -115.62638237406226, 33.023553977277118 ], [ -115.66033022561075, 33.023553977277118 ] ] ] } },
{ "type": "Feature", "properties": { "PixelName": "ElCentro_38", "cell_id": 267958.0, "State": "California", "NearestCity": "El Centro", "DstMiles": 21.0, "RelAbun": 5.5, "Status": "available", "RelAbun_bin": "(4.61,6.48]", "fillColor": "#0096C7", "strokeColor": "#000000" }, "geometry": { "type": "Polygon", "coordinates": [ [ [ -115.62638237406226, 33.023553977277118 ], [ -115.641234112938221, 33.049141883763191 ], [ -115.607281900926182, 33.049141883763191 ], [ -115.592434522513798, 33.023553977277118 ], [ -115.62638237406226, 33.023553977277118 ] ] ] } },
{ "type": "Feature", "properties": { "PixelName": "ElCentro_39", "cell_id": 267959.0, "State": "California", "NearestCity": "El Centro", "DstMiles": 20.0, "RelAbun": 11.97, "Status": "available", "RelAbun_bin": "(6.48,25.2]", "fillColor": "#00B4D8", "strokeColor": "#000000" }, "geometry": { "type": "Polygon", "coordinates": [ [ [ -115.592434522513798, 33.023553977277118 ], [ -115.607281900926182, 33.049141883763191 ], [ -115.573329688914171, 33.049141883763191 ], [ -115.558486670965337, 33.023553977277118 ], [ -115.592434522513798, 33.023553977277118 ] ] ] } },
{ "type": "Feature", "properties": { "PixelName": "ElCentro_40", "cell_id": 267960.0, "State": "California", "NearestCity": "El Centro", "DstMiles": 20.0, "RelAbun": 8.7, "Status": "available", "RelAbun_bin": "(6.48,25.2]", "fillColor": "#00B4D8", "strokeColor": "#000000" }, "geometry": { "type": "Polygon", "coordinates": [ [ [ -115.558486670965337, 33.023553977277118 ], [ -115.573329688914171, 33.049141883763191 ], [ -115.53937747690216, 33.049141883763191 ], [ -115.524538819416875, 33.023553977277118 ], [ -115.558486670965337, 33.023553977277118 ] ] ] } },
{ "type": "Feature", "properties": { "PixelName": "ElCentro_41", "cell_id": 267963.0, "State": "California", "NearestCity": "El Centro", "DstMiles": 22.0, "RelAbun": 7.47, "Status": "available", "RelAbun_bin": "(6.48,25.2]", "fillColor": "#00B4D8", "strokeColor": "#000000" }, "geometry": { "type": "Polygon", "coordinates": [ [ [ -115.456643116319938, 33.023553977277118 ], [ -115.47147305287811, 33.049141883763191 ], [ -115.4375208408661, 33.049141883763191 ], [ -115.422695264771505, 33.023553977277118 ], [ -115.456643116319938, 33.023553977277118 ] ] ] } },
{ "type": "Feature", "properties": { "PixelName": "ElCentro_42", "cell_id": 267964.0, "State": "California", "NearestCity": "El Centro", "DstMiles": 22.0, "RelAbun": 6.74, "Status": "available", "RelAbun_bin": "(6.48,25.2]", "fillColor": "#00B4D8", "strokeColor": "#000000" }, "geometry": { "type": "Polygon", "coordinates": [ [ [ -115.422695264771505, 33.023553977277118 ], [ -115.4375208408661, 33.049141883763191 ], [ -115.40356862885406, 33.049141883763191 ], [ -115.388747413223015, 33.023553977277118 ], [ -115.422695264771505, 33.023553977277118 ] ] ] } },
{ "type": "Feature", "properties": { "PixelName": "ElCentro_43", "cell_id": 267965.0, "State": "California", "NearestCity": "El Centro", "DstMiles": 24.0, "RelAbun": 6.95, "Status": "available", "RelAbun_bin": "(6.48,25.2]", "fillColor": "#00B4D8", "strokeColor": "#000000" }, "geometry": { "type": "Polygon", "coordinates": [ [ [ -115.388747413223015, 33.023553977277118 ], [ -115.40356862885406, 33.049141883763191 ], [ -115.369616416842078, 33.049141883763191 ], [ -115.354799561674582, 33.023553977277118 ], [ -115.388747413223015, 33.023553977277118 ] ] ] } },
{ "type": "Feature", "properties": { "PixelName": "ElCentro_44", "cell_id": 268747.0, "State": "California", "NearestCity": "El Centro", "DstMiles": 19.0, "RelAbun": 6.3, "Status": "available", "RelAbun_bin": "(4.61,6.48]", "fillColor": "#0096C7", "strokeColor": "#000000" }, "geometry": { "type": "Polygon", "coordinates": [ [ [ -115.645491075930437, 32.997970072732315 ], [ -115.66033022561075, 33.023553977277118 ], [ -115.62638237406226, 33.023553977277118 ], [ -115.611547579870589, 32.997970072732315 ], [ -115.645491075930437, 32.997970072732315 ] ] ] } },
{ "type": "Feature", "properties": { "PixelName": "ElCentro_45", "cell_id": 268748.0, "State": "California", "NearestCity": "El Centro", "DstMiles": 18.0, "RelAbun": 7.04, "Status": "available", "RelAbun_bin": "(6.48,25.2]", "fillColor": "#00B4D8", "strokeColor": "#000000" }, "geometry": { "type": "Polygon", "coordinates": [ [ [ -115.611547579870589, 32.997970072732315 ], [ -115.62638237406226, 33.023553977277118 ], [ -115.592434522513798, 33.023553977277118 ], [ -115.577604083810698, 32.997970072732315 ], [ -115.611547579870589, 32.997970072732315 ] ] ] } },
{ "type": "Feature", "properties": { "PixelName": "ElCentro_46", "cell_id": 268749.0, "State": "California", "NearestCity": "El Centro", "DstMiles": 18.0, "RelAbun": 9.66, "Status": "available", "RelAbun_bin": "(6.48,25.2]", "fillColor": "#00B4D8", "strokeColor": "#000000" }, "geometry": { "type": "Polygon", "coordinates": [ [ [ -115.577604083810698, 32.997970072732315 ], [ -115.592434522513798, 33.023553977277118 ], [ -115.558486670965337, 33.023553977277118 ], [ -115.543660587750864, 32.997970072732315 ], [ -115.577604083810698, 32.997970072732315 ] ] ] } },
{ "type": "Feature", "properties": { "PixelName": "ElCentro_47", "cell_id": 268751.0, "State": "California", "NearestCity": "El Centro", "DstMiles": 18.0, "RelAbun": 4.66, "Status": "available", "RelAbun_bin": "(4.61,6.48]", "fillColor": "#0096C7", "strokeColor": "#000000" }, "geometry": { "type": "Polygon", "coordinates": [ [ [ -115.509717091691002, 32.997970072732315 ], [ -115.524538819416875, 33.023553977277118 ], [ -115.490590967868428, 33.023553977277118 ], [ -115.475773595631168, 32.997970072732315 ], [ -115.509717091691002, 32.997970072732315 ] ] ] } },
{ "type": "Feature", "properties": { "PixelName": "ElCentro_48", "cell_id": 268753.0, "State": "California", "NearestCity": "El Centro", "DstMiles": 20.0, "RelAbun": 8.94, "Status": "available", "RelAbun_bin": "(6.48,25.2]", "fillColor": "#00B4D8", "strokeColor": "#000000" }, "geometry": { "type": "Polygon", "coordinates": [ [ [ -115.441830099571291, 32.997970072732315 ], [ -115.456643116319938, 33.023553977277118 ], [ -115.422695264771505, 33.023553977277118 ], [ -115.407886603511457, 32.997970072732315 ], [ -115.441830099571291, 32.997970072732315 ] ] ] } },
{ "type": "Feature", "properties": { "PixelName": "ElCentro_49", "cell_id": 268754.0, "State": "California", "NearestCity": "El Centro", "DstMiles": 21.0, "RelAbun": 6.19, "Status": "available", "RelAbun_bin": "(4.61,6.48]", "fillColor": "#0096C7", "strokeColor": "#000000" }, "geometry": { "type": "Polygon", "coordinates": [ [ [ -115.407886603511457, 32.997970072732315 ], [ -115.422695264771505, 33.023553977277118 ], [ -115.388747413223015, 33.023553977277118 ], [ -115.373943107451566, 32.997970072732315 ], [ -115.407886603511457, 32.997970072732315 ] ] ] } },
{ "type": "Feature", "properties": { "PixelName": "ElCentro_50", "cell_id": 268755.0, "State": "California", "NearestCity": "El Centro", "DstMiles": 22.0, "RelAbun": 5.14, "Status": "available", "RelAbun_bin": "(4.61,6.48]", "fillColor": "#0096C7", "strokeColor": "#000000" }, "geometry": { "type": "Polygon", "coordinates": [ [ [ -115.373943107451566, 32.997970072732315 ], [ -115.388747413223015, 33.023553977277118 ], [ -115.354799561674582, 33.023553977277118 ], [ -115.339999611391733, 32.997970072732315 ], [ -115.373943107451566, 32.997970072732315 ] ] ] } },
{ "type": "Feature", "properties": { "PixelName": "ElCentro_51", "cell_id": 269536.0, "State": "California", "NearestCity": "El Centro", "DstMiles": 17.0, "RelAbun": 5.0, "Status": "available", "RelAbun_bin": "(4.61,6.48]", "fillColor": "#0096C7", "strokeColor": "#000000" }, "geometry": { "type": "Polygon", "coordinates": [ [ [ -115.664608003172958, 32.972390164493703 ], [ -115.679434571990299, 32.997970072732315 ], [ -115.645491075930437, 32.997970072732315 ], [ -115.630668857632116, 32.972390164493703 ], [ -115.664608003172958, 32.972390164493703 ] ] ] } },
{ "type": "Feature", "properties": { "PixelName": "ElCentro_52", "cell_id": 269537.0, "State": "California", "NearestCity": "El Centro", "DstMiles": 16.0, "RelAbun": 10.52, "Status": "available", "RelAbun_bin": "(6.48,25.2]", "fillColor": "#00B4D8", "strokeColor": "#000000" }, "geometry": { "type": "Polygon", "coordinates": [ [ [ -115.630668857632116, 32.972390164493703 ], [ -115.645491075930437, 32.997970072732315 ], [ -115.611547579870589, 32.997970072732315 ], [ -115.59672971209126, 32.972390164493703 ], [ -115.630668857632116, 32.972390164493703 ] ] ] } },
{ "type": "Feature", "properties": { "PixelName": "ElCentro_53", "cell_id": 269538.0, "State": "California", "NearestCity": "El Centro", "DstMiles": 16.0, "RelAbun": 8.88, "Status": "available", "RelAbun_bin": "(6.48,25.2]", "fillColor": "#00B4D8", "strokeColor": "#000000" }, "geometry": { "type": "Polygon", "coordinates": [ [ [ -115.59672971209126, 32.972390164493703 ], [ -115.611547579870589, 32.997970072732315 ], [ -115.577604083810698, 32.997970072732315 ], [ -115.562790566550433, 32.972390164493703 ], [ -115.59672971209126, 32.972390164493703 ] ] ] } },
{ "type": "Feature", "properties": { "PixelName": "ElCentro_54", "cell_id": 269541.0, "State": "California", "NearestCity": "El Centro", "DstMiles": 17.0, "RelAbun": 6.7, "Status": "available", "RelAbun_bin": "(6.48,25.2]", "fillColor": "#00B4D8", "strokeColor": "#000000" }, "geometry": { "type": "Polygon", "coordinates": [ [ [ -115.494912275468764, 32.972390164493703 ], [ -115.509717091691002, 32.997970072732315 ], [ -115.475773595631168, 32.997970072732315 ], [ -115.46097312992795, 32.972390164493703 ], [ -115.494912275468764, 32.972390164493703 ] ] ] } },
{ "type": "Feature", "properties": { "PixelName": "ElCentro_55", "cell_id": 269542.0, "State": "California", "NearestCity": "El Centro", "DstMiles": 18.0, "RelAbun": 8.17, "Status": "available", "RelAbun_bin": "(6.48,25.2]", "fillColor": "#00B4D8", "strokeColor": "#000000" }, "geometry": { "type": "Polygon", "coordinates": [ [ [ -115.46097312992795, 32.972390164493703 ], [ -115.475773595631168, 32.997970072732315 ], [ -115.441830099571291, 32.997970072732315 ], [ -115.427033984387094, 32.972390164493703 ], [ -115.46097312992795, 32.972390164493703 ] ] ] } },
{ "type": "Feature", "properties": { "PixelName": "ElCentro_56", "cell_id": 269543.0, "State": "California", "NearestCity": "El Centro", "DstMiles": 19.0, "RelAbun": 7.58, "Status": "available", "RelAbun_bin": "(6.48,25.2]", "fillColor": "#00B4D8", "strokeColor": "#000000" }, "geometry": { "type": "Polygon", "coordinates": [ [ [ -115.427033984387094, 32.972390164493703 ], [ -115.441830099571291, 32.997970072732315 ], [ -115.407886603511457, 32.997970072732315 ], [ -115.393094838846253, 32.972390164493703 ], [ -115.427033984387094, 32.972390164493703 ] ] ] } },
{ "type": "Feature", "properties": { "PixelName": "ElCentro_57", "cell_id": 269544.0, "State": "California", "NearestCity": "El Centro", "DstMiles": 20.0, "RelAbun": 6.26, "Status": "available", "RelAbun_bin": "(4.61,6.48]", "fillColor": "#0096C7", "strokeColor": "#000000" }, "geometry": { "type": "Polygon", "coordinates": [ [ [ -115.393094838846253, 32.972390164493703 ], [ -115.407886603511457, 32.997970072732315 ], [ -115.373943107451566, 32.997970072732315 ], [ -115.359155693305397, 32.972390164493703 ], [ -115.393094838846253, 32.972390164493703 ] ] ] } },
{ "type": "Feature", "properties": { "PixelName": "ElCentro_58", "cell_id": 269545.0, "State": "California", "NearestCity": "El Centro", "DstMiles": 21.0, "RelAbun": 4.6, "Status": "available", "RelAbun_bin": "(3.64,4.61]", "fillColor": "#0077B6", "strokeColor": "#000000" }, "geometry": { "type": "Polygon", "coordinates": [ [ [ -115.359155693305397, 32.972390164493703 ], [ -115.373943107451566, 32.997970072732315 ], [ -115.339999611391733, 32.997970072732315 ], [ -115.325216547764583, 32.972390164493703 ], [ -115.359155693305397, 32.972390164493703 ] ] ] } },
{ "type": "Feature", "properties": { "PixelName": "CasaGrande_1", "cell_id": 269645.0, "State": "Arizona", "NearestCity": "Casa Grande", "DstMiles": 16.0, "RelAbun": 2.56, "Status": "available", "RelAbun_bin": [ 2.5, 2.9 ], "fillColor": "#03045E", "strokeColor": "#000000" }, "geometry": { "type": "Polygon", "coordinates": [ [ [ -111.965241139221703, 32.972390164493703 ], [ -111.979593501465956, 32.997970072732315 ], [ -111.945650005406094, 32.997970072732315 ], [ -111.931301993680847, 32.972390164493703 ], [ -111.965241139221703, 32.972390164493703 ] ] ] } },
{ "type": "Feature", "properties": { "PixelName": "ElCentro_59", "cell_id": 270326.0, "State": "California", "NearestCity": "El Centro", "DstMiles": 15.0, "RelAbun": 6.58, "Status": "available", "RelAbun_bin": "(6.48,25.2]", "fillColor": "#00B4D8", "strokeColor": "#000000" }, "geometry": { "type": "Polygon", "coordinates": [ [ [ -115.649798352461403, 32.946814246935212 ], [ -115.664608003172958, 32.972390164493703 ], [ -115.630668857632116, 32.972390164493703 ], [ -115.615863552475332, 32.946814246935212 ], [ -115.649798352461403, 32.946814246935212 ] ] ] } },
{ "type": "Feature", "properties": { "PixelName": "ElCentro_60", "cell_id": 270327.0, "State": "California", "NearestCity": "El Centro", "DstMiles": 14.0, "RelAbun": 8.2, "Status": "available", "RelAbun_bin": "(6.48,25.2]", "fillColor": "#00B4D8", "strokeColor": "#000000" }, "geometry": { "type": "Polygon", "coordinates": [ [ [ -115.615863552475332, 32.946814246935212 ], [ -115.630668857632116, 32.972390164493703 ], [ -115.59672971209126, 32.972390164493703 ], [ -115.581928752489262, 32.946814246935212 ], [ -115.615863552475332, 32.946814246935212 ] ] ] } },
{ "type": "Feature", "properties": { "PixelName": "ElCentro_61", "cell_id": 270330.0, "State": "California", "NearestCity": "El Centro", "DstMiles": 14.0, "RelAbun": 3.1, "Status": "available", "RelAbun_bin": "(2.9,3.64]", "fillColor": "#023E8A", "strokeColor": "#000000" }, "geometry": { "type": "Polygon", "coordinates": [ [ [ -115.514059152517206, 32.946814246935212 ], [ -115.52885142100962, 32.972390164493703 ], [ -115.494912275468764, 32.972390164493703 ], [ -115.480124352531107, 32.946814246935212 ], [ -115.514059152517206, 32.946814246935212 ] ] ] } },
{ "type": "Feature", "properties": { "PixelName": "ElCentro_62", "cell_id": 270332.0, "State": "California", "NearestCity": "El Centro", "DstMiles": 16.0, "RelAbun": 7.73, "Status": "available", "RelAbun_bin": "(6.48,25.2]", "fillColor": "#00B4D8", "strokeColor": "#000000" }, "geometry": { "type": "Polygon", "coordinates": [ [ [ -115.446189552545079, 32.946814246935212 ], [ -115.46097312992795, 32.972390164493703 ], [ -115.427033984387094, 32.972390164493703 ], [ -115.412254752559008, 32.946814246935212 ], [ -115.446189552545079, 32.946814246935212 ] ] ] } },
{ "type": "Feature", "properties": { "PixelName": "ElCentro_63", "cell_id": 270333.0, "State": "California", "NearestCity": "El Centro", "DstMiles": 17.0, "RelAbun": 7.51, "Status": "available", "RelAbun_bin": "(6.48,25.2]", "fillColor": "#00B4D8", "strokeColor": "#000000" }, "geometry": { "type": "Polygon", "coordinates": [ [ [ -115.412254752559008, 32.946814246935212 ], [ -115.427033984387094, 32.972390164493703 ], [ -115.393094838846253, 32.972390164493703 ], [ -115.378319952572994, 32.946814246935212 ], [ -115.412254752559008, 32.946814246935212 ] ] ] } },
{ "type": "Feature", "properties": { "PixelName": "ElCentro_64", "cell_id": 270334.0, "State": "California", "NearestCity": "El Centro", "DstMiles": 19.0, "RelAbun": 7.2, "Status": "available", "RelAbun_bin": "(6.48,25.2]", "fillColor": "#00B4D8", "strokeColor": "#000000" }, "geometry": { "type": "Polygon", "coordinates": [ [ [ -115.378319952572994, 32.946814246935212 ], [ -115.393094838846253, 32.972390164493703 ], [ -115.359155693305397, 32.972390164493703 ], [ -115.344385152586923, 32.946814246935212 ], [ -115.378319952572994, 32.946814246935212 ] ] ] } },
{ "type": "Feature", "properties": { "PixelName": "ElCentro_65", "cell_id": 270335.0, "State": "California", "NearestCity": "El Centro", "DstMiles": 21.0, "RelAbun": 5.26, "Status": "available", "RelAbun_bin": "(4.61,6.48]", "fillColor": "#0096C7", "strokeColor": "#000000" }, "geometry": { "type": "Polygon", "coordinates": [ [ [ -115.344385152586923, 32.946814246935212 ], [ -115.359155693305397, 32.972390164493703 ], [ -115.325216547764583, 32.972390164493703 ], [ -115.310450352600867, 32.946814246935212 ], [ -115.344385152586923, 32.946814246935212 ] ] ] } },
{ "type": "Feature", "properties": { "PixelName": "CasaGrande_2", "cell_id": 270433.0, "State": "Arizona", "NearestCity": "Casa Grande", "DstMiles": 19.0, "RelAbun": 4.03, "Status": "available", "RelAbun_bin": "(3.64,4.61]", "fillColor": "#0077B6", "strokeColor": "#000000" }, "geometry": { "type": "Polygon", "coordinates": [ [ [ -112.018774753953934, 32.946814246935212 ], [ -112.033119430303373, 32.972390164493703 ], [ -111.999180284762545, 32.972390164493703 ], [ -111.984839953967892, 32.946814246935212 ], [ -112.018774753953934, 32.946814246935212 ] ] ] } },
{ "type": "Feature", "properties": { "PixelName": "CasaGrande_3", "cell_id": 270435.0, "State": "Arizona", "NearestCity": "Casa Grande", "DstMiles": 14.0, "RelAbun": 7.63, "Status": "available", "RelAbun_bin": "(6.48,25.2]", "fillColor": "#00B4D8", "strokeColor": "#000000" }, "geometry": { "type": "Polygon", "coordinates": [ [ [ -111.95090515398185, 32.946814246935212 ], [ -111.965241139221703, 32.972390164493703 ], [ -111.931301993680847, 32.972390164493703 ], [ -111.916970353995779, 32.946814246935212 ], [ -111.95090515398185, 32.946814246935212 ] ] ] } },
{ "type": "Feature", "properties": { "PixelName": "CasaGrande_4", "cell_id": 270446.0, "State": "Arizona", "NearestCity": "Casa Grande", "DstMiles": 15.0, "RelAbun": 4.61, "Status": "available", "RelAbun_bin": "(3.64,4.61]", "fillColor": "#0077B6", "strokeColor": "#000000" }, "geometry": { "type": "Polygon", "coordinates": [ [ [ -111.577622354135272, 32.946814246935212 ], [ -111.591910538272501, 32.972390164493703 ], [ -111.557971392731645, 32.972390164493703 ], [ -111.543687554149216, 32.946814246935212 ], [ -111.577622354135272, 32.946814246935212 ] ] ] } },
{ "type": "Feature", "properties": { "PixelName": "ElCentro_66", "cell_id": 271116.0, "State": "California", "NearestCity": "El Centro", "DstMiles": 13.0, "RelAbun": 4.24, "Status": "available", "RelAbun_bin": "(3.64,4.61]", "fillColor": "#0077B6", "strokeColor": "#000000" }, "geometry": { "type": "Polygon", "coordinates": [ [ [ -115.63500560164637, 32.92124231443978 ], [ -115.649798352461403, 32.946814246935212 ], [ -115.615863552475332, 32.946814246935212 ], [ -115.601075142256221, 32.92124231443978 ], [ -115.63500560164637, 32.92124231443978 ] ] ] } },
{ "type": "Feature", "properties": { "PixelName": "ElCentro_67", "cell_id": 271119.0, "State": "California", "NearestCity": "El Centro", "DstMiles": 12.0, "RelAbun": 4.75, "Status": "available", "RelAbun_bin": "(4.61,6.48]", "fillColor": "#0096C7", "strokeColor": "#000000" }, "geometry": { "type": "Polygon", "coordinates": [ [ [ -115.533214223475895, 32.92124231443978 ], [ -115.547993952503219, 32.946814246935212 ], [ -115.514059152517206, 32.946814246935212 ], [ -115.499283764085746, 32.92124231443978 ], [ -115.533214223475895, 32.92124231443978 ] ] ] } },
{ "type": "Feature", "properties": { "PixelName": "ElCentro_68", "cell_id": 271120.0, "State": "California", "NearestCity": "El Centro", "DstMiles": 13.0, "RelAbun": 5.07, "Status": "available", "RelAbun_bin": "(4.61,6.48]", "fillColor": "#0096C7", "strokeColor": "#000000" }, "geometry": { "type": "Polygon", "coordinates": [ [ [ -115.499283764085746, 32.92124231443978 ], [ -115.514059152517206, 32.946814246935212 ], [ -115.480124352531107, 32.946814246935212 ], [ -115.465353304695597, 32.92124231443978 ], [ -115.499283764085746, 32.92124231443978 ] ] ] } },
{ "type": "Feature", "properties": { "PixelName": "ElCentro_69", "cell_id": 271121.0, "State": "California", "NearestCity": "El Centro", "DstMiles": 14.0, "RelAbun": 4.27, "Status": "available", "RelAbun_bin": "(3.64,4.61]", "fillColor": "#0077B6", "strokeColor": "#000000" }, "geometry": { "type": "Polygon", "coordinates": [ [ [ -115.465353304695597, 32.92124231443978 ], [ -115.480124352531107, 32.946814246935212 ], [ -115.446189552545079, 32.946814246935212 ], [ -115.431422845305448, 32.92124231443978 ], [ -115.465353304695597, 32.92124231443978 ] ] ] } },
{ "type": "Feature", "properties": { "PixelName": "ElCentro_70", "cell_id": 271122.0, "State": "California", "NearestCity": "El Centro", "DstMiles": 15.0, "RelAbun": 8.51, "Status": "available", "RelAbun_bin": "(6.48,25.2]", "fillColor": "#00B4D8", "strokeColor": "#000000" }, "geometry": { "type": "Polygon", "coordinates": [ [ [ -115.431422845305448, 32.92124231443978 ], [ -115.446189552545079, 32.946814246935212 ], [ -115.412254752559008, 32.946814246935212 ], [ -115.397492385915271, 32.92124231443978 ], [ -115.431422845305448, 32.92124231443978 ] ] ] } },
{ "type": "Feature", "properties": { "PixelName": "ElCentro_71", "cell_id": 271123.0, "State": "California", "NearestCity": "El Centro", "DstMiles": 17.0, "RelAbun": 6.86, "Status": "available", "RelAbun_bin": "(6.48,25.2]", "fillColor": "#00B4D8", "strokeColor": "#000000" }, "geometry": { "type": "Polygon", "coordinates": [ [ [ -115.397492385915271, 32.92124231443978 ], [ -115.412254752559008, 32.946814246935212 ], [ -115.378319952572994, 32.946814246935212 ], [ -115.363561926525151, 32.92124231443978 ], [ -115.397492385915271, 32.92124231443978 ] ] ] } },
{ "type": "Feature", "properties": { "PixelName": "ElCentro_72", "cell_id": 271124.0, "State": "California", "NearestCity": "El Centro", "DstMiles": 18.0, "RelAbun": 4.47, "Status": "available", "RelAbun_bin": "(3.64,4.61]", "fillColor": "#0077B6", "strokeColor": "#000000" }, "geometry": { "type": "Polygon", "coordinates": [ [ [ -115.363561926525151, 32.92124231443978 ], [ -115.378319952572994, 32.946814246935212 ], [ -115.344385152586923, 32.946814246935212 ], [ -115.329631467134959, 32.92124231443978 ], [ -115.363561926525151, 32.92124231443978 ] ] ] } },
{ "type": "Feature", "properties": { "PixelName": "ElCentro_73", "cell_id": 271125.0, "State": "California", "NearestCity": "El Centro", "DstMiles": 20.0, "RelAbun": 4.93, "Status": "available", "RelAbun_bin": "(4.61,6.48]", "fillColor": "#0096C7", "strokeColor": "#000000" }, "geometry": { "type": "Polygon", "coordinates": [ [ [ -115.329631467134959, 32.92124231443978 ], [ -115.344385152586923, 32.946814246935212 ], [ -115.310450352600867, 32.946814246935212 ], [ -115.295701007744825, 32.92124231443978 ], [ -115.329631467134959, 32.92124231443978 ] ] ] } },
{ "type": "Feature", "properties": { "PixelName": "CasaGrande_5", "cell_id": 271224.0, "State": "Arizona", "NearestCity": "Casa Grande", "DstMiles": 15.0, "RelAbun": 3.62, "Status": "available", "RelAbun_bin": "(2.9,3.64]", "fillColor": "#023E8A", "strokeColor": "#000000" }, "geometry": { "type": "Polygon", "coordinates": [ [ [ -111.970515987509685, 32.92124231443978 ], [ -111.984839953967892, 32.946814246935212 ], [ -111.95090515398185, 32.946814246935212 ], [ -111.936585528119537, 32.92124231443978 ], [ -111.970515987509685, 32.92124231443978 ] ] ] } },
{ "type": "Feature", "properties": { "PixelName": "CasaGrande_6", "cell_id": 271225.0, "State": "Arizona", "NearestCity": "Casa Grande", "DstMiles": 13.0, "RelAbun": 3.83, "Status": "available", "RelAbun_bin": "(3.64,4.61]", "fillColor": "#0077B6", "strokeColor": "#000000" }, "geometry": { "type": "Polygon", "coordinates": [ [ [ -111.936585528119537, 32.92124231443978 ], [ -111.95090515398185, 32.946814246935212 ], [ -111.916970353995779, 32.946814246935212 ], [ -111.902655068729388, 32.92124231443978 ], [ -111.936585528119537, 32.92124231443978 ] ] ] } },
{ "type": "Feature", "properties": { "PixelName": "CasaGrande_7", "cell_id": 271237.0, "State": "Arizona", "NearestCity": "Casa Grande", "DstMiles": 17.0, "RelAbun": 3.24, "Status": "available", "RelAbun_bin": "(2.9,3.64]", "fillColor": "#023E8A", "strokeColor": "#000000" }, "geometry": { "type": "Polygon", "coordinates": [ [ [ -111.52942001543768, 32.92124231443978 ], [ -111.543687554149216, 32.946814246935212 ], [ -111.509752754163173, 32.946814246935212 ], [ -111.495489556047531, 32.92124231443978 ], [ -111.52942001543768, 32.92124231443978 ] ] ] } },
{ "type": "Feature", "properties": { "PixelName": "ElCentro_74", "cell_id": 271910.0, "State": "California", "NearestCity": "El Centro", "DstMiles": 11.0, "RelAbun": 5.28, "Status": "available", "RelAbun_bin": "(4.61,6.48]", "fillColor": "#0096C7", "strokeColor": "#000000" }, "geometry": { "type": "Polygon", "coordinates": [ [ [ -115.484525237563972, 32.895674361399308 ], [ -115.499283764085746, 32.92124231443978 ], [ -115.465353304695597, 32.92124231443978 ], [ -115.450599113816125, 32.895674361399308 ], [ -115.484525237563972, 32.895674361399308 ] ] ] } },
{ "type": "Feature", "properties": { "PixelName": "ElCentro_75", "cell_id": 271911.0, "State": "California", "NearestCity": "El Centro", "DstMiles": 13.0, "RelAbun": 5.89, "Status": "available", "RelAbun_bin": "(4.61,6.48]", "fillColor": "#0096C7", "strokeColor": "#000000" }, "geometry": { "type": "Polygon", "coordinates": [ [ [ -115.450599113816125, 32.895674361399308 ], [ -115.465353304695597, 32.92124231443978 ], [ -115.431422845305448, 32.92124231443978 ], [ -115.416672990068349, 32.895674361399308 ], [ -115.450599113816125, 32.895674361399308 ] ] ] } },
{ "type": "Feature", "properties": { "PixelName": "ElCentro_76", "cell_id": 271912.0, "State": "California", "NearestCity": "El Centro", "DstMiles": 14.0, "RelAbun": 6.41, "Status": "available", "RelAbun_bin": "(4.61,6.48]", "fillColor": "#0096C7", "strokeColor": "#000000" }, "geometry": { "type": "Polygon", "coordinates": [ [ [ -115.416672990068349, 32.895674361399308 ], [ -115.431422845305448, 32.92124231443978 ], [ -115.397492385915271, 32.92124231443978 ], [ -115.382746866320488, 32.895674361399308 ], [ -115.416672990068349, 32.895674361399308 ] ] ] } },
{ "type": "Feature", "properties": { "PixelName": "ElCentro_77", "cell_id": 271913.0, "State": "California", "NearestCity": "El Centro", "DstMiles": 16.0, "RelAbun": 6.53, "Status": "available", "RelAbun_bin": "(6.48,25.2]", "fillColor": "#00B4D8", "strokeColor": "#000000" }, "geometry": { "type": "Polygon", "coordinates": [ [ [ -115.382746866320488, 32.895674361399308 ], [ -115.397492385915271, 32.92124231443978 ], [ -115.363561926525151, 32.92124231443978 ], [ -115.348820742572698, 32.895674361399308 ], [ -115.382746866320488, 32.895674361399308 ] ] ] } },
{ "type": "Feature", "properties": { "PixelName": "ElCentro_78", "cell_id": 271914.0, "State": "California", "NearestCity": "El Centro", "DstMiles": 18.0, "RelAbun": 5.27, "Status": "available", "RelAbun_bin": "(4.61,6.48]", "fillColor": "#0096C7", "strokeColor": "#000000" }, "geometry": { "type": "Polygon", "coordinates": [ [ [ -115.348820742572698, 32.895674361399308 ], [ -115.363561926525151, 32.92124231443978 ], [ -115.329631467134959, 32.92124231443978 ], [ -115.314894618824866, 32.895674361399308 ], [ -115.348820742572698, 32.895674361399308 ] ] ] } },
{ "type": "Feature", "properties": { "PixelName": "CasaGrande_8", "cell_id": 272014.0, "State": "Arizona", "NearestCity": "Casa Grande", "DstMiles": 13.0, "RelAbun": 5.19, "Status": "available", "RelAbun_bin": "(4.61,6.48]", "fillColor": "#0096C7", "strokeColor": "#000000" }, "geometry": { "type": "Polygon", "coordinates": [ [ [ -111.956208367791149, 32.895674361399308 ], [ -111.970515987509685, 32.92124231443978 ], [ -111.936585528119537, 32.92124231443978 ], [ -111.92228224404333, 32.895674361399308 ], [ -111.956208367791149, 32.895674361399308 ] ] ] } },
{ "type": "Feature", "properties": { "PixelName": "CasaGrande_9", "cell_id": 272015.0, "State": "Arizona", "NearestCity": "Casa Grande", "DstMiles": 11.0, "RelAbun": 3.56, "Status": "available", "RelAbun_bin": "(2.9,3.64]", "fillColor": "#023E8A", "strokeColor": "#000000" }, "geometry": { "type": "Polygon", "coordinates": [ [ [ -111.92228224404333, 32.895674361399308 ], [ -111.936585528119537, 32.92124231443978 ], [ -111.902655068729388, 32.92124231443978 ], [ -111.888356120295512, 32.895674361399308 ], [ -111.92228224404333, 32.895674361399308 ] ] ] } },
{ "type": "Feature", "properties": { "PixelName": "ElCentro_79", "cell_id": 272699.0, "State": "California", "NearestCity": "El Centro", "DstMiles": 9.0, "RelAbun": 2.88, "Status": "available", "RelAbun_bin": [ 2.5, 2.9 ], "fillColor": "#03045E", "strokeColor": "#000000" }, "geometry": { "type": "Polygon", "coordinates": [ [ [ -115.503705347890588, 32.870110382214698 ], [ -115.518451361311776, 32.895674361399308 ], [ -115.484525237563972, 32.895674361399308 ], [ -115.469783554836894, 32.870110382214698 ], [ -115.503705347890588, 32.870110382214698 ] ] ] } },
{ "type": "Feature", "properties": { "PixelName": "ElCentro_80", "cell_id": 272701.0, "State": "California", "NearestCity": "El Centro", "DstMiles": 12.0, "RelAbun": 6.9, "Status": "available", "RelAbun_bin": "(6.48,25.2]", "fillColor": "#00B4D8", "strokeColor": "#000000" }, "geometry": { "type": "Polygon", "coordinates": [ [ [ -115.435861761783173, 32.870110382214698 ], [ -115.450599113816125, 32.895674361399308 ], [ -115.416672990068349, 32.895674361399308 ], [ -115.401939968729479, 32.870110382214698 ], [ -115.435861761783173, 32.870110382214698 ] ] ] } },
{ "type": "Feature", "properties": { "PixelName": "ElCentro_81", "cell_id": 272702.0, "State": "California", "NearestCity": "El Centro", "DstMiles": 14.0, "RelAbun": 6.72, "Status": "available", "RelAbun_bin": "(6.48,25.2]", "fillColor": "#00B4D8", "strokeColor": "#000000" }, "geometry": { "type": "Polygon", "coordinates": [ [ [ -115.401939968729479, 32.870110382214698 ], [ -115.416672990068349, 32.895674361399308 ], [ -115.382746866320488, 32.895674361399308 ], [ -115.368018175675743, 32.870110382214698 ], [ -115.401939968729479, 32.870110382214698 ] ] ] } },
{ "type": "Feature", "properties": { "PixelName": "ElCentro_82", "cell_id": 272703.0, "State": "California", "NearestCity": "El Centro", "DstMiles": 16.0, "RelAbun": 5.43, "Status": "available", "RelAbun_bin": "(4.61,6.48]", "fillColor": "#0096C7", "strokeColor": "#000000" }, "geometry": { "type": "Polygon", "coordinates": [ [ [ -115.368018175675743, 32.870110382214698 ], [ -115.382746866320488, 32.895674361399308 ], [ -115.348820742572698, 32.895674361399308 ], [ -115.334096382622064, 32.870110382214698 ], [ -115.368018175675743, 32.870110382214698 ] ] ] } },
{ "type": "Feature", "properties": { "PixelName": "ElCentro_83", "cell_id": 272704.0, "State": "California", "NearestCity": "El Centro", "DstMiles": 18.0, "RelAbun": 3.36, "Status": "available", "RelAbun_bin": "(2.9,3.64]", "fillColor": "#023E8A", "strokeColor": "#000000" }, "geometry": { "type": "Polygon", "coordinates": [ [ [ -115.334096382622064, 32.870110382214698 ], [ -115.348820742572698, 32.895674361399308 ], [ -115.314894618824866, 32.895674361399308 ], [ -115.3001745895683, 32.870110382214698 ], [ -115.334096382622064, 32.870110382214698 ] ] ] } },
{ "type": "Feature", "properties": { "PixelName": "CasaGrande_10", "cell_id": 272804.0, "State": "Arizona", "NearestCity": "Casa Grande", "DstMiles": 12.0, "RelAbun": 3.34, "Status": "available", "RelAbun_bin": "(2.9,3.64]", "fillColor": "#023E8A", "strokeColor": "#000000" }, "geometry": { "type": "Polygon", "coordinates": [ [ [ -111.941917077250807, 32.870110382214698 ], [ -111.956208367791149, 32.895674361399308 ], [ -111.92228224404333, 32.895674361399308 ], [ -111.907995284197085, 32.870110382214698 ], [ -111.941917077250807, 32.870110382214698 ] ] ] } },
{ "type": "Feature", "properties": { "PixelName": "ElCentro_84", "cell_id": 273484.0, "State": "California", "NearestCity": "El Centro", "DstMiles": 8.0, "RelAbun": 5.31, "Status": "available", "RelAbun_bin": "(4.61,6.48]", "fillColor": "#0096C7", "strokeColor": "#000000" }, "geometry": { "type": "Polygon", "coordinates": [ [ [ -115.658563501641098, 32.844550371295746 ], [ -115.673314313159153, 32.870110382214698 ], [ -115.639392520105446, 32.870110382214698 ], [ -115.624646034338554, 32.844550371295746 ], [ -115.658563501641098, 32.844550371295746 ] ] ] } },
{ "type": "Feature", "properties": { "PixelName": "ElCentro_85", "cell_id": 273485.0, "State": "California", "NearestCity": "El Centro", "DstMiles": 7.0, "RelAbun": 5.0, "Status": "available", "RelAbun_bin": "(4.61,6.48]", "fillColor": "#0096C7", "strokeColor": "#000000" }, "geometry": { "type": "Polygon", "coordinates": [ [ [ -115.624646034338554, 32.844550371295746 ], [ -115.639392520105446, 32.870110382214698 ], [ -115.605470727051753, 32.870110382214698 ], [ -115.590728567036052, 32.844550371295746 ], [ -115.624646034338554, 32.844550371295746 ] ] ] } },
{ "type": "Feature", "properties": { "PixelName": "ElCentro_86", "cell_id": 273487.0, "State": "California", "NearestCity": "El Centro", "DstMiles": 5.0, "RelAbun": 3.55, "Status": "available", "RelAbun_bin": "(2.9,3.64]", "fillColor": "#023E8A", "strokeColor": "#000000" }, "geometry": { "type": "Polygon", "coordinates": [ [ [ -115.556811099733522, 32.844550371295746 ], [ -115.571548933998045, 32.870110382214698 ], [ -115.537627140944309, 32.870110382214698 ], [ -115.522893632430964, 32.844550371295746 ], [ -115.556811099733522, 32.844550371295746 ] ] ] } },
{ "type": "Feature", "properties": { "PixelName": "ElCentro_87", "cell_id": 273489.0, "State": "California", "NearestCity": "El Centro", "DstMiles": 8.0, "RelAbun": 3.99, "Status": "available", "RelAbun_bin": "(3.64,4.61]", "fillColor": "#0077B6", "strokeColor": "#000000" }, "geometry": { "type": "Polygon", "coordinates": [ [ [ -115.488976165128435, 32.844550371295746 ], [ -115.503705347890588, 32.870110382214698 ], [ -115.469783554836894, 32.870110382214698 ], [ -115.455058697825905, 32.844550371295746 ], [ -115.488976165128435, 32.844550371295746 ] ] ] } },
{ "type": "Feature", "properties": { "PixelName": "ElCentro_88", "cell_id": 273491.0, "State": "California", "NearestCity": "El Centro", "DstMiles": 11.0, "RelAbun": 4.07, "Status": "available", "RelAbun_bin": "(3.64,4.61]", "fillColor": "#0077B6", "strokeColor": "#000000" }, "geometry": { "type": "Polygon", "coordinates": [ [ [ -115.421141230523347, 32.844550371295746 ], [ -115.435861761783173, 32.870110382214698 ], [ -115.401939968729479, 32.870110382214698 ], [ -115.387223763220845, 32.844550371295746 ], [ -115.421141230523347, 32.844550371295746 ] ] ] } },
{ "type": "Feature", "properties": { "PixelName": "ElCentro_89", "cell_id": 273492.0, "State": "California", "NearestCity": "El Centro", "DstMiles": 14.0, "RelAbun": 4.44, "Status": "available", "RelAbun_bin": "(3.64,4.61]", "fillColor": "#0077B6", "strokeColor": "#000000" }, "geometry": { "type": "Polygon", "coordinates": [ [ [ -115.387223763220845, 32.844550371295746 ], [ -115.401939968729479, 32.870110382214698 ], [ -115.368018175675743, 32.870110382214698 ], [ -115.353306295918287, 32.844550371295746 ], [ -115.387223763220845, 32.844550371295746 ] ] ] } },
{ "type": "Feature", "properties": { "PixelName": "ElCentro_90", "cell_id": 273493.0, "State": "California", "NearestCity": "El Centro", "DstMiles": 16.0, "RelAbun": 4.26, "Status": "available", "RelAbun_bin": "(3.64,4.61]", "fillColor": "#0077B6", "strokeColor": "#000000" }, "geometry": { "type": "Polygon", "coordinates": [ [ [ -115.353306295918287, 32.844550371295746 ], [ -115.368018175675743, 32.870110382214698 ], [ -115.334096382622064, 32.870110382214698 ], [ -115.319388828615757, 32.844550371295746 ], [ -115.353306295918287, 32.844550371295746 ] ] ] } },
{ "type": "Feature", "properties": { "PixelName": "ElCentro_91", "cell_id": 273494.0, "State": "California", "NearestCity": "El Centro", "DstMiles": 18.0, "RelAbun": 2.65, "Status": "available", "RelAbun_bin": [ 2.5, 2.9 ], "fillColor": "#03045E", "strokeColor": "#000000" }, "geometry": { "type": "Polygon", "coordinates": [ [ [ -115.319388828615757, 32.844550371295746 ], [ -115.334096382622064, 32.870110382214698 ], [ -115.3001745895683, 32.870110382214698 ], [ -115.285471361313242, 32.844550371295746 ], [ -115.319388828615757, 32.844550371295746 ] ] ] } },
{ "type": "Feature", "properties": { "PixelName": "CasaGrande_11", "cell_id": 273593.0, "State": "Arizona", "NearestCity": "Casa Grande", "DstMiles": 14.0, "RelAbun": 4.92, "Status": "available", "RelAbun_bin": "(4.61,6.48]", "fillColor": "#0096C7", "strokeColor": "#000000" }, "geometry": { "type": "Polygon", "coordinates": [ [ [ -111.961559565664899, 32.844550371295746 ], [ -111.975838870304514, 32.870110382214698 ], [ -111.941917077250807, 32.870110382214698 ], [ -111.927642098362369, 32.844550371295746 ], [ -111.961559565664899, 32.844550371295746 ] ] ] } },
{ "type": "Feature", "properties": { "PixelName": "CasaGrande_12", "cell_id": 273594.0, "State": "Arizona", "NearestCity": "Casa Grande", "DstMiles": 11.0, "RelAbun": 4.46, "Status": "available", "RelAbun_bin": "(3.64,4.61]", "fillColor": "#0077B6", "strokeColor": "#000000" }, "geometry": { "type": "Polygon", "coordinates": [ [ [ -111.927642098362369, 32.844550371295746 ], [ -111.941917077250807, 32.870110382214698 ], [ -111.907995284197085, 32.870110382214698 ], [ -111.893724631059825, 32.844550371295746 ], [ -111.927642098362369, 32.844550371295746 ] ] ] } },
{ "type": "Feature", "properties": { "PixelName": "ElCentro_92", "cell_id": 274274.0, "State": "California", "NearestCity": "El Centro", "DstMiles": 6.0, "RelAbun": 5.49, "Status": "available", "RelAbun_bin": "(4.61,6.48]", "fillColor": "#0096C7", "strokeColor": "#000000" }, "geometry": { "type": "Polygon", "coordinates": [ [ [ -115.64382952742244, 32.818994323061197 ], [ -115.658563501641098, 32.844550371295746 ], [ -115.624646034338554, 32.844550371295746 ], [ -115.60991638093347, 32.818994323061197 ], [ -115.64382952742244, 32.818994323061197 ] ] ] } },
{ "type": "Feature", "properties": { "PixelName": "ElCentro_93", "cell_id": 274277.0, "State": "California", "NearestCity": "El Centro", "DstMiles": 4.0, "RelAbun": 5.37, "Status": "available", "RelAbun_bin": "(4.61,6.48]", "fillColor": "#0096C7", "strokeColor": "#000000" }, "geometry": { "type": "Polygon", "coordinates": [ [ [ -115.542090087955529, 32.818994323061197 ], [ -115.556811099733522, 32.844550371295746 ], [ -115.522893632430964, 32.844550371295746 ], [ -115.50817694146653, 32.818994323061197 ], [ -115.542090087955529, 32.818994323061197 ] ] ] } },
{ "type": "Feature", "properties": { "PixelName": "ElCentro_94", "cell_id": 274279.0, "State": "California", "NearestCity": "El Centro", "DstMiles": 7.0, "RelAbun": 4.94, "Status": "available", "RelAbun_bin": "(4.61,6.48]", "fillColor": "#0096C7", "strokeColor": "#000000" }, "geometry": { "type": "Polygon", "coordinates": [ [ [ -115.474263794977531, 32.818994323061197 ], [ -115.488976165128435, 32.844550371295746 ], [ -115.455058697825905, 32.844550371295746 ], [ -115.44035064848859, 32.818994323061197 ], [ -115.474263794977531, 32.818994323061197 ] ] ] } },
{ "type": "Feature", "properties": { "PixelName": "ElCentro_95", "cell_id": 274282.0, "State": "California", "NearestCity": "El Centro", "DstMiles": 14.0, "RelAbun": 4.09, "Status": "available", "RelAbun_bin": "(3.64,4.61]", "fillColor": "#0077B6", "strokeColor": "#000000" }, "geometry": { "type": "Polygon", "coordinates": [ [ [ -115.37252435551062, 32.818994323061197 ], [ -115.387223763220845, 32.844550371295746 ], [ -115.353306295918287, 32.844550371295746 ], [ -115.338611209021636, 32.818994323061197 ], [ -115.37252435551062, 32.818994323061197 ] ] ] } },
{ "type": "Feature", "properties": { "PixelName": "ElCentro_96", "cell_id": 274283.0, "State": "California", "NearestCity": "El Centro", "DstMiles": 16.0, "RelAbun": 3.37, "Status": "available", "RelAbun_bin": "(2.9,3.64]", "fillColor": "#023E8A", "strokeColor": "#000000" }, "geometry": { "type": "Polygon", "coordinates": [ [ [ -115.338611209021636, 32.818994323061197 ], [ -115.353306295918287, 32.844550371295746 ], [ -115.319388828615757, 32.844550371295746 ], [ -115.304698062532665, 32.818994323061197 ], [ -115.338611209021636, 32.818994323061197 ] ] ] } },
{ "type": "Feature", "properties": { "PixelName": "CasaGrande_13", "cell_id": 274384.0, "State": "Arizona", "NearestCity": "Casa Grande", "DstMiles": 11.0, "RelAbun": 6.06, "Status": "available", "RelAbun_bin": "(4.61,6.48]", "fillColor": "#0096C7", "strokeColor": "#000000" }, "geometry": { "type": "Polygon", "coordinates": [ [ [ -111.913383413634634, 32.818994323061197 ], [ -111.927642098362369, 32.844550371295746 ], [ -111.893724631059825, 32.844550371295746 ], [ -111.879470267145649, 32.818994323061197 ], [ -111.913383413634634, 32.818994323061197 ] ] ] } },
{ "type": "Feature", "properties": { "PixelName": "ElCentro_97", "cell_id": 275064.0, "State": "California", "NearestCity": "El Centro", "DstMiles": 4.0, "RelAbun": 3.56, "Status": "available", "RelAbun_bin": "(2.9,3.64]", "fillColor": "#023E8A", "strokeColor": "#000000" }, "geometry": { "type": "Polygon", "coordinates": [ [ [ -115.629112372465272, 32.793442231938613 ], [ -115.64382952742244, 32.818994323061197 ], [ -115.60991638093347, 32.818994323061197 ], [ -115.595203541857515, 32.793442231938613 ], [ -115.629112372465272, 32.793442231938613 ] ] ] } },
{ "type": "Feature", "properties": { "PixelName": "ElCentro_98", "cell_id": 275067.0, "State": "California", "NearestCity": "El Centro", "DstMiles": 3.0, "RelAbun": 3.57, "Status": "available", "RelAbun_bin": "(2.9,3.64]", "fillColor": "#023E8A", "strokeColor": "#000000" }, "geometry": { "type": "Polygon", "coordinates": [ [ [ -115.527385880642015, 32.793442231938613 ], [ -115.542090087955529, 32.818994323061197 ], [ -115.50817694146653, 32.818994323061197 ], [ -115.493477050034215, 32.793442231938613 ], [ -115.527385880642015, 32.793442231938613 ] ] ] } },
{ "type": "Feature", "properties": { "PixelName": "ElCentro_99", "cell_id": 275069.0, "State": "California", "NearestCity": "El Centro", "DstMiles": 8.0, "RelAbun": 4.71, "Status": "available", "RelAbun_bin": "(4.61,6.48]", "fillColor": "#0096C7", "strokeColor": "#000000" }, "geometry": { "type": "Polygon", "coordinates": [ [ [ -115.459568219426458, 32.793442231938613 ], [ -115.474263794977531, 32.818994323061197 ], [ -115.44035064848859, 32.818994323061197 ], [ -115.425659388818715, 32.793442231938613 ], [ -115.459568219426458, 32.793442231938613 ] ] ] } },
{ "type": "Feature", "properties": { "PixelName": "ElCentro_100", "cell_id": 275072.0, "State": "California", "NearestCity": "El Centro", "DstMiles": 15.0, "RelAbun": 2.91, "Status": "available", "RelAbun_bin": "(2.9,3.64]", "fillColor": "#023E8A", "strokeColor": "#000000" }, "geometry": { "type": "Polygon", "coordinates": [ [ [ -115.357841727603216, 32.793442231938613 ], [ -115.37252435551062, 32.818994323061197 ], [ -115.338611209021636, 32.818994323061197 ], [ -115.32393289699543, 32.793442231938613 ], [ -115.357841727603216, 32.793442231938613 ] ] ] } },
{ "type": "Feature", "properties": { "PixelName": "ElCentro_101", "cell_id": 275073.0, "State": "California", "NearestCity": "El Centro", "DstMiles": 17.0, "RelAbun": 3.83, "Status": "available", "RelAbun_bin": "(3.64,4.61]", "fillColor": "#0077B6", "strokeColor": "#000000" }, "geometry": { "type": "Polygon", "coordinates": [ [ [ -115.32393289699543, 32.793442231938613 ], [ -115.338611209021636, 32.818994323061197 ], [ -115.304698062532665, 32.818994323061197 ], [ -115.290024066387659, 32.793442231938613 ], [ -115.32393289699543, 32.793442231938613 ] ] ] } },
{ "type": "Feature", "properties": { "PixelName": "ElCentro_102", "cell_id": 275850.0, "State": "California", "NearestCity": "El Centro", "DstMiles": 13.0, "RelAbun": 3.05, "Status": "available", "RelAbun_bin": "(2.9,3.64]", "fillColor": "#023E8A", "strokeColor": "#000000" }, "geometry": { "type": "Polygon", "coordinates": [ [ [ -115.750030097382037, 32.767894092364543 ], [ -115.764747694896329, 32.793442231938613 ], [ -115.730838864288572, 32.793442231938613 ], [ -115.71612557772842, 32.767894092364543 ], [ -115.750030097382037, 32.767894092364543 ] ] ] } },
{ "type": "Feature", "properties": { "PixelName": "ElCentro_103", "cell_id": 275852.0, "State": "California", "NearestCity": "El Centro", "DstMiles": 8.0, "RelAbun": 3.57, "Status": "available", "RelAbun_bin": "(2.9,3.64]", "fillColor": "#023E8A", "strokeColor": "#000000" }, "geometry": { "type": "Polygon", "coordinates": [ [ [ -115.682221058074845, 32.767894092364543 ], [ -115.6969300336808, 32.793442231938613 ], [ -115.663021203073043, 32.793442231938613 ], [ -115.648316538421255, 32.767894092364543 ], [ -115.682221058074845, 32.767894092364543 ] ] ] } },
{ "type": "Feature", "properties": { "PixelName": "ElCentro_104", "cell_id": 275853.0, "State": "California", "NearestCity": "El Centro", "DstMiles": 6.0, "RelAbun": 2.56, "Status": "available", "RelAbun_bin": [ 2.5, 2.9 ], "fillColor": "#03045E", "strokeColor": "#000000" }, "geometry": { "type": "Polygon", "coordinates": [ [ [ -115.648316538421255, 32.767894092364543 ], [ -115.663021203073043, 32.793442231938613 ], [ -115.629112372465272, 32.793442231938613 ], [ -115.614412018767638, 32.767894092364543 ], [ -115.648316538421255, 32.767894092364543 ] ] ] } },
{ "type": "Feature", "properties": { "PixelName": "ElCentro_105", "cell_id": 275854.0, "State": "California", "NearestCity": "El Centro", "DstMiles": 3.0, "RelAbun": 3.41, "Status": "available", "RelAbun_bin": "(2.9,3.64]", "fillColor": "#023E8A", "strokeColor": "#000000" }, "geometry": { "type": "Polygon", "coordinates": [ [ [ -115.614412018767638, 32.767894092364543 ], [ -115.629112372465272, 32.793442231938613 ], [ -115.595203541857515, 32.793442231938613 ], [ -115.580507499114049, 32.767894092364543 ], [ -115.614412018767638, 32.767894092364543 ] ] ] } },
{ "type": "Feature", "properties": { "PixelName": "ElCentro_106", "cell_id": 275857.0, "State": "California", "NearestCity": "El Centro", "DstMiles": 4.0, "RelAbun": 2.62, "Status": "available", "RelAbun_bin": [ 2.5, 2.9 ], "fillColor": "#03045E", "strokeColor": "#000000" }, "geometry": { "type": "Polygon", "coordinates": [ [ [ -115.512698459806856, 32.767894092364543 ], [ -115.527385880642015, 32.793442231938613 ], [ -115.493477050034215, 32.793442231938613 ], [ -115.478793940153238, 32.767894092364543 ], [ -115.512698459806856, 32.767894092364543 ] ] ] } },
{ "type": "Feature", "properties": { "PixelName": "ElCentro_107", "cell_id": 275858.0, "State": "California", "NearestCity": "El Centro", "DstMiles": 6.0, "RelAbun": 4.15, "Status": "available", "RelAbun_bin": "(3.64,4.61]", "fillColor": "#0077B6", "strokeColor": "#000000" }, "geometry": { "type": "Polygon", "coordinates": [ [ [ -115.478793940153238, 32.767894092364543 ], [ -115.493477050034215, 32.793442231938613 ], [ -115.459568219426458, 32.793442231938613 ], [ -115.444889420499649, 32.767894092364543 ], [ -115.478793940153238, 32.767894092364543 ] ] ] } },
{ "type": "Feature", "properties": { "PixelName": "ElCentro_108", "cell_id": 275859.0, "State": "California", "NearestCity": "El Centro", "DstMiles": 9.0, "RelAbun": 3.99, "Status": "available", "RelAbun_bin": "(3.64,4.61]", "fillColor": "#0077B6", "strokeColor": "#000000" }, "geometry": { "type": "Polygon", "coordinates": [ [ [ -115.444889420499649, 32.767894092364543 ], [ -115.459568219426458, 32.793442231938613 ], [ -115.425659388818715, 32.793442231938613 ], [ -115.410984900846074, 32.767894092364543 ], [ -115.444889420499649, 32.767894092364543 ] ] ] } },
{ "type": "Feature", "properties": { "PixelName": "Mexicali_1", "cell_id": 275862.0, "State": "Baja California", "NearestCity": "Mexicali", "DstMiles": 15.0, "RelAbun": 2.55, "Status": "available", "RelAbun_bin": [ 2.5, 2.9 ], "fillColor": "#03045E", "strokeColor": "#000000" }, "geometry": { "type": "Polygon", "coordinates": [ [ [ -115.343175861538867, 32.767894092364543 ], [ -115.357841727603216, 32.793442231938613 ], [ -115.32393289699543, 32.793442231938613 ], [ -115.309271341885278, 32.767894092364543 ], [ -115.343175861538867, 32.767894092364543 ] ] ] } },
{ "type": "Feature", "properties": { "PixelName": "Mexicali_2", "cell_id": 275863.0, "State": "Baja California", "NearestCity": "Mexicali", "DstMiles": 16.0, "RelAbun": 4.21, "Status": "available", "RelAbun_bin": "(3.64,4.61]", "fillColor": "#0077B6", "strokeColor": "#000000" }, "geometry": { "type": "Polygon", "coordinates": [ [ [ -115.309271341885278, 32.767894092364543 ], [ -115.32393289699543, 32.793442231938613 ], [ -115.290024066387659, 32.793442231938613 ], [ -115.275366822231675, 32.767894092364543 ], [ -115.309271341885278, 32.767894092364543 ] ] ] } },
{ "type": "Feature", "properties": { "PixelName": "ElCentro_109", "cell_id": 276643.0, "State": "California", "NearestCity": "El Centro", "DstMiles": 5.0, "RelAbun": 4.31, "Status": "available", "RelAbun_bin": "(3.64,4.61]", "fillColor": "#0077B6", "strokeColor": "#000000" }, "geometry": { "type": "Polygon", "coordinates": [ [ [ -115.633628661985028, 32.742349898784283 ], [ -115.648316538421255, 32.767894092364543 ], [ -115.614412018767638, 32.767894092364543 ], [ -115.599728448363791, 32.742349898784283 ], [ -115.633628661985028, 32.742349898784283 ] ] ] } },
{ "type": "Feature", "properties": { "PixelName": "ElCentro_110", "cell_id": 276644.0, "State": "California", "NearestCity": "El Centro", "DstMiles": 4.0, "RelAbun": 3.26, "Status": "available", "RelAbun_bin": "(2.9,3.64]", "fillColor": "#023E8A", "strokeColor": "#000000" }, "geometry": { "type": "Polygon", "coordinates": [ [ [ -115.599728448363791, 32.742349898784283 ], [ -115.614412018767638, 32.767894092364543 ], [ -115.580507499114049, 32.767894092364543 ], [ -115.565828234742568, 32.742349898784283 ], [ -115.599728448363791, 32.742349898784283 ] ] ] } },
{ "type": "Feature", "properties": { "PixelName": "ElCentro_111", "cell_id": 276647.0, "State": "California", "NearestCity": "El Centro", "DstMiles": 6.0, "RelAbun": 2.81, "Status": "available", "RelAbun_bin": [ 2.5, 2.9 ], "fillColor": "#03045E", "strokeColor": "#000000" }, "geometry": { "type": "Polygon", "coordinates": [ [ [ -115.498027807500137, 32.742349898784283 ], [ -115.512698459806856, 32.767894092364543 ], [ -115.478793940153238, 32.767894092364543 ], [ -115.464127593878928, 32.742349898784283 ], [ -115.498027807500137, 32.742349898784283 ] ] ] } },
{ "type": "Feature", "properties": { "PixelName": "ElCentro_112", "cell_id": 276648.0, "State": "California", "NearestCity": "El Centro", "DstMiles": 8.0, "RelAbun": 4.43, "Status": "available", "RelAbun_bin": "(3.64,4.61]", "fillColor": "#0077B6", "strokeColor": "#000000" }, "geometry": { "type": "Polygon", "coordinates": [ [ [ -115.464127593878928, 32.742349898784283 ], [ -115.478793940153238, 32.767894092364543 ], [ -115.444889420499649, 32.767894092364543 ], [ -115.430227380257676, 32.742349898784283 ], [ -115.464127593878928, 32.742349898784283 ] ] ] } },
{ "type": "Feature", "properties": { "PixelName": "Mexicali_3", "cell_id": 276649.0, "State": "Baja California", "NearestCity": "Mexicali", "DstMiles": 9.0, "RelAbun": 3.7, "Status": "available", "RelAbun_bin": "(3.64,4.61]", "fillColor": "#0077B6", "strokeColor": "#000000" }, "geometry": { "type": "Polygon", "coordinates": [ [ [ -115.430227380257676, 32.742349898784283 ], [ -115.444889420499649, 32.767894092364543 ], [ -115.410984900846074, 32.767894092364543 ], [ -115.396327166636496, 32.742349898784283 ], [ -115.430227380257676, 32.742349898784283 ] ] ] } },
{ "type": "Feature", "properties": { "PixelName": "Mexicali_4", "cell_id": 276652.0, "State": "Baja California", "NearestCity": "Mexicali", "DstMiles": 14.0, "RelAbun": 3.52, "Status": "available", "RelAbun_bin": "(2.9,3.64]", "fillColor": "#023E8A", "strokeColor": "#000000" }, "geometry": { "type": "Polygon", "coordinates": [ [ [ -115.32852673939405, 32.742349898784283 ], [ -115.343175861538867, 32.767894092364543 ], [ -115.309271341885278, 32.767894092364543 ], [ -115.294626525772813, 32.742349898784283 ], [ -115.32852673939405, 32.742349898784283 ] ] ] } },
{ "type": "Feature", "properties": { "PixelName": "ElCentro_113", "cell_id": 277434.0, "State": "California", "NearestCity": "El Centro", "DstMiles": 5.0, "RelAbun": 4.48, "Status": "available", "RelAbun_bin": "(3.64,4.61]", "fillColor": "#0077B6", "strokeColor": "#000000" }, "geometry": { "type": "Polygon", "coordinates": [ [ [ -115.58506164332384, 32.716809645651985 ], [ -115.599728448363791, 32.742349898784283 ], [ -115.565828234742568, 32.742349898784283 ], [ -115.551165730818482, 32.716809645651985 ], [ -115.58506164332384, 32.716809645651985 ] ] ] } },
{ "type": "Feature", "properties": { "PixelName": "Mexicali_5", "cell_id": 277437.0, "State": "Baja California", "NearestCity": "Mexicali", "DstMiles": 6.0, "RelAbun": 3.15, "Status": "available", "RelAbun_bin": "(2.9,3.64]", "fillColor": "#023E8A", "strokeColor": "#000000" }, "geometry": { "type": "Polygon", "coordinates": [ [ [ -115.483373905807753, 32.716809645651985 ], [ -115.498027807500137, 32.742349898784283 ], [ -115.464127593878928, 32.742349898784283 ], [ -115.449477993302352, 32.716809645651985 ], [ -115.483373905807753, 32.716809645651985 ] ] ] } },
{ "type": "Feature", "properties": { "PixelName": "Mexicali_6", "cell_id": 277438.0, "State": "Baja California", "NearestCity": "Mexicali", "DstMiles": 7.0, "RelAbun": 5.11, "Status": "available", "RelAbun_bin": "(4.61,6.48]", "fillColor": "#0096C7", "strokeColor": "#000000" }, "geometry": { "type": "Polygon", "coordinates": [ [ [ -115.449477993302352, 32.716809645651985 ], [ -115.464127593878928, 32.742349898784283 ], [ -115.430227380257676, 32.742349898784283 ], [ -115.41558208079698, 32.716809645651985 ], [ -115.449477993302352, 32.716809645651985 ] ] ] } },
{ "type": "Feature", "properties": { "PixelName": "Mexicali_7", "cell_id": 277441.0, "State": "Baja California", "NearestCity": "Mexicali", "DstMiles": 12.0, "RelAbun": 3.25, "Status": "available", "RelAbun_bin": "(2.9,3.64]", "fillColor": "#023E8A", "strokeColor": "#000000" }, "geometry": { "type": "Polygon", "coordinates": [ [ [ -115.347790255786222, 32.716809645651985 ], [ -115.362426953015245, 32.742349898784283 ], [ -115.32852673939405, 32.742349898784283 ], [ -115.313894343280865, 32.716809645651985 ], [ -115.347790255786222, 32.716809645651985 ] ] ] } },
{ "type": "Feature", "properties": { "PixelName": "Mexicali_8", "cell_id": 277442.0, "State": "Baja California", "NearestCity": "Mexicali", "DstMiles": 14.0, "RelAbun": 3.18, "Status": "available", "RelAbun_bin": "(2.9,3.64]", "fillColor": "#023E8A", "strokeColor": "#000000" }, "geometry": { "type": "Polygon", "coordinates": [ [ [ -115.313894343280865, 32.716809645651985 ], [ -115.32852673939405, 32.742349898784283 ], [ -115.294626525772813, 32.742349898784283 ], [ -115.279998430775464, 32.716809645651985 ], [ -115.313894343280865, 32.716809645651985 ] ] ] } },
{ "type": "Feature", "properties": { "PixelName": "Mexicali_9", "cell_id": 278225.0, "State": "Baja California", "NearestCity": "Mexicali", "DstMiles": 5.0, "RelAbun": 2.66, "Status": "available", "RelAbun_bin": [ 2.5, 2.9 ], "fillColor": "#03045E", "strokeColor": "#000000" }, "geometry": { "type": "Polygon", "coordinates": [ [ [ -115.536519969453011, 32.691273327430622 ], [ -115.551165730818482, 32.716809645651985 ], [ -115.51726981831311, 32.716809645651985 ], [ -115.502628353152204, 32.691273327430622 ], [ -115.536519969453011, 32.691273327430622 ] ] ] } },
{ "type": "Feature", "properties": { "PixelName": "Mexicali_10", "cell_id": 278227.0, "State": "Baja California", "NearestCity": "Mexicali", "DstMiles": 5.0, "RelAbun": 2.62, "Status": "available", "RelAbun_bin": [ 2.5, 2.9 ], "fillColor": "#03045E", "strokeColor": "#000000" }, "geometry": { "type": "Polygon", "coordinates": [ [ [ -115.468736736851397, 32.691273327430622 ], [ -115.483373905807753, 32.716809645651985 ], [ -115.449477993302352, 32.716809645651985 ], [ -115.434845120550577, 32.691273327430622 ], [ -115.468736736851397, 32.691273327430622 ] ] ] } },
{ "type": "Feature", "properties": { "PixelName": "Mexicali_11", "cell_id": 278228.0, "State": "Baja California", "NearestCity": "Mexicali", "DstMiles": 6.0, "RelAbun": 2.58, "Status": "available", "RelAbun_bin": [ 2.5, 2.9 ], "fillColor": "#03045E", "strokeColor": "#000000" }, "geometry": { "type": "Polygon", "coordinates": [ [ [ -115.434845120550577, 32.691273327430622 ], [ -115.449477993302352, 32.716809645651985 ], [ -115.41558208079698, 32.716809645651985 ], [ -115.40095350424977, 32.691273327430622 ], [ -115.434845120550577, 32.691273327430622 ] ] ] } },
{ "type": "Feature", "properties": { "PixelName": "Mexicali_12", "cell_id": 278231.0, "State": "Baja California", "NearestCity": "Mexicali", "DstMiles": 12.0, "RelAbun": 2.83, "Status": "available", "RelAbun_bin": [ 2.5, 2.9 ], "fillColor": "#03045E", "strokeColor": "#000000" }, "geometry": { "type": "Polygon", "coordinates": [ [ [ -115.333170271648171, 32.691273327430622 ], [ -115.347790255786222, 32.716809645651985 ], [ -115.313894343280865, 32.716809645651985 ], [ -115.299278655347365, 32.691273327430622 ], [ -115.333170271648171, 32.691273327430622 ] ] ] } },
{ "type": "Feature", "properties": { "PixelName": "CasaGrande_14", "cell_id": 279130.0, "State": "Arizona", "NearestCity": "Casa Grande", "DstMiles": 19.0, "RelAbun": 2.59, "Status": "available", "RelAbun_bin": [ 2.5, 2.9 ], "fillColor": "#03045E", "strokeColor": "#000000" }, "geometry": { "type": "Polygon", "coordinates": [ [ [ -111.624848557530242, 32.665740938591917 ], [ -111.638984094860135, 32.691273327430622 ], [ -111.605092478559328, 32.691273327430622 ], [ -111.590961232527945, 32.665740938591917 ], [ -111.624848557530242, 32.665740938591917 ] ] ] } },
{ "type": "Feature", "properties": { "PixelName": "CasaGrande_15", "cell_id": 280709.0, "State": "Arizona", "NearestCity": "Casa Grande", "DstMiles": 23.0, "RelAbun": 8.11, "Status": "available", "RelAbun_bin": "(6.48,25.2]", "fillColor": "#00B4D8", "strokeColor": "#000000" }, "geometry": { "type": "Polygon", "coordinates": [ [ [ -111.630504652674034, 32.614687926993234 ], [ -111.644612202099225, 32.640212473616373 ], [ -111.610729163494668, 32.640212473616373 ], [ -111.596625895571563, 32.614687926993234 ], [ -111.630504652674034, 32.614687926993234 ] ] ] } },
{ "type": "Feature", "properties": { "PixelName": "CasaGrande_16", "cell_id": 280710.0, "State": "Arizona", "NearestCity": "Casa Grande", "DstMiles": 24.0, "RelAbun": 3.86, "Status": "available", "RelAbun_bin": "(3.64,4.61]", "fillColor": "#0077B6", "strokeColor": "#000000" }, "geometry": { "type": "Polygon", "coordinates": [ [ [ -111.596625895571563, 32.614687926993234 ], [ -111.610729163494668, 32.640212473616373 ], [ -111.576846124890082, 32.640212473616373 ], [ -111.562747138469092, 32.614687926993234 ], [ -111.596625895571563, 32.614687926993234 ] ] ] } },
{ "type": "Feature", "properties": { "PixelName": "CasaGrande_17", "cell_id": 281499.0, "State": "Arizona", "NearestCity": "Casa Grande", "DstMiles": 25.0, "RelAbun": 3.93, "Status": "available", "RelAbun_bin": "(3.64,4.61]", "fillColor": "#0077B6", "strokeColor": "#000000" }, "geometry": { "type": "Polygon", "coordinates": [ [ [ -111.61641321710421, 32.589167293220399 ], [ -111.630504652674034, 32.614687926993234 ], [ -111.596625895571563, 32.614687926993234 ], [ -111.582538736613472, 32.589167293220399 ], [ -111.61641321710421, 32.589167293220399 ] ] ] } },
{ "type": "Feature", "properties": { "PixelName": "Temple_1", "cell_id": 338774.0, "State": "Texas", "NearestCity": "Temple", "DstMiles": 26.0, "RelAbun": 2.51, "Status": "available", "RelAbun_bin": [ 2.5, 2.9 ], "fillColor": "#03045E", "strokeColor": "#000000" }, "geometry": { "type": "Polygon", "coordinates": [ [ [ -97.37936443468783, 30.761618171053964 ], [ -97.390783291406223, 30.786870999441234 ], [ -97.357200262685055, 30.786870999441234 ], [ -97.345785343503437, 30.761618171053964 ], [ -97.37936443468783, 30.761618171053964 ] ] ] } },
{ "type": "Feature", "properties": { "PixelName": "SanAntonio_1", "cell_id": 382928.0, "State": "Texas", "NearestCity": "San Antonio", "DstMiles": 78.0, "RelAbun": 2.58, "Status": "available", "RelAbun_bin": [ 2.5, 2.9 ], "fillColor": "#03045E", "strokeColor": "#000000" }, "geometry": { "type": "Polygon", "coordinates": [ [ [ -99.629985788887723, 29.352958031483094 ], [ -99.641004602064328, 29.378020364167021 ], [ -99.607635210034147, 29.378020364167021 ], [ -99.596620087016021, 29.352958031483094 ], [ -99.629985788887723, 29.352958031483094 ] ] ] } },
{ "type": "Feature", "properties": { "PixelName": "SanAntonio_2", "cell_id": 383721.0, "State": "Texas", "NearestCity": "San Antonio", "DstMiles": 70.0, "RelAbun": 3.14, "Status": "available", "RelAbun_bin": "(2.9,3.64]", "fillColor": "#023E8A", "strokeColor": "#000000" }, "geometry": { "type": "Polygon", "coordinates": [ [ [ -99.518893761594455, 29.327898967704591 ], [ -99.529888683272645, 29.352958031483094 ], [ -99.496522981400943, 29.352958031483094 ], [ -99.485531745583188, 29.327898967704591 ], [ -99.518893761594455, 29.327898967704591 ] ] ] } },
{ "type": "Feature", "properties": { "PixelName": "SanAntonio_3", "cell_id": 384508.0, "State": "Texas", "NearestCity": "San Antonio", "DstMiles": 77.0, "RelAbun": 2.68, "Status": "available", "RelAbun_bin": [ 2.5, 2.9 ], "fillColor": "#03045E", "strokeColor": "#000000" }, "geometry": { "type": "Polygon", "coordinates": [ [ [ -99.607986652233308, 29.302843168298978 ], [ -99.618979809628243, 29.327898967704591 ], [ -99.585617793616962, 29.327898967704591 ], [ -99.574628317788481, 29.302843168298978 ], [ -99.607986652233308, 29.302843168298978 ] ] ] } },
{ "type": "Feature", "properties": { "PixelName": "EaglePass_1", "cell_id": 386087.0, "State": "Texas", "NearestCity": "Eagle Pass", "DstMiles": 75.0, "RelAbun": 3.0, "Status": "available", "RelAbun_bin": "(2.9,3.64]", "fillColor": "#023E8A", "strokeColor": "#000000" }, "geometry": { "type": "Polygon", "coordinates": [ [ [ -99.619389739119825, 29.252741344507815 ], [ -99.630360961841703, 29.277790628740014 ], [ -99.597006304673357, 29.277790628740014 ], [ -99.586038754941995, 29.252741344507815 ], [ -99.619389739119825, 29.252741344507815 ] ] ] } },
{ "type": "Feature", "properties": { "PixelName": "EaglePass_2", "cell_id": 386869.0, "State": "Texas", "NearestCity": "Eagle Pass", "DstMiles": 60.0, "RelAbun": 2.57, "Status": "available", "RelAbun_bin": [ 2.5, 2.9 ], "fillColor": "#03045E", "strokeColor": "#000000" }, "geometry": { "type": "Polygon", "coordinates": [ [ [ -99.875209830278621, 29.227695311088858 ], [ -99.88619761254229, 29.252741344507815 ], [ -99.852846628364503, 29.252741344507815 ], [ -99.841862514809435, 29.227695311088858 ], [ -99.875209830278621, 29.227695311088858 ] ] ] } },
{ "type": "Feature", "properties": { "PixelName": "EaglePass_3", "cell_id": 386876.0, "State": "Texas", "NearestCity": "Eagle Pass", "DstMiles": 73.0, "RelAbun": 4.17, "Status": "available", "RelAbun_bin": "(3.64,4.61]", "fillColor": "#0077B6", "strokeColor": "#000000" }, "geometry": { "type": "Polygon", "coordinates": [ [ [ -99.641778621994192, 29.227695311088858 ], [ -99.652740723297626, 29.252741344507815 ], [ -99.619389739119825, 29.252741344507815 ], [ -99.608431306524977, 29.227695311088858 ], [ -99.641778621994192, 29.227695311088858 ] ] ] } },
{ "type": "Feature", "properties": { "PixelName": "EaglePass_4", "cell_id": 390031.0, "State": "Texas", "NearestCity": "Eagle Pass", "DstMiles": 61.0, "RelAbun": 2.62, "Status": "available", "RelAbun_bin": [ 2.5, 2.9 ], "fillColor": "#03045E", "strokeColor": "#000000" }, "geometry": { "type": "Polygon", "coordinates": [ [ [ -99.764721338713443, 29.127543595494629 ], [ -99.775650639941759, 29.152576670670278 ], [ -99.742314304946774, 29.152576670670278 ], [ -99.731388655339344, 29.127543595494629 ], [ -99.764721338713443, 29.127543595494629 ] ] ] } },
{ "type": "Feature", "properties": { "PixelName": "EaglePass_5", "cell_id": 390032.0, "State": "Texas", "NearestCity": "Eagle Pass", "DstMiles": 63.0, "RelAbun": 4.0, "Status": "available", "RelAbun_bin": "(3.64,4.61]", "fillColor": "#0077B6", "strokeColor": "#000000" }, "geometry": { "type": "Polygon", "coordinates": [ [ [ -99.731388655339344, 29.127543595494629 ], [ -99.742314304946774, 29.152576670670278 ], [ -99.708977969951803, 29.152576670670278 ], [ -99.698055971965204, 29.127543595494629 ], [ -99.731388655339344, 29.127543595494629 ] ] ] } },
{ "type": "Feature", "properties": { "PixelName": "SanAntonio_4", "cell_id": 390038.0, "State": "Texas", "NearestCity": "San Antonio", "DstMiles": 74.0, "RelAbun": 8.42, "Status": "available", "RelAbun_bin": "(6.48,25.2]", "fillColor": "#00B4D8", "strokeColor": "#000000" }, "geometry": { "type": "Polygon", "coordinates": [ [ [ -99.531392555094683, 29.127543595494629 ], [ -99.542296294976964, 29.152576670670278 ], [ -99.508959959981979, 29.152576670670278 ], [ -99.498059871720557, 29.127543595494629 ], [ -99.531392555094683, 29.127543595494629 ] ] ] } },
{ "type": "Feature", "properties": { "PixelName": "SanAntonio_5", "cell_id": 391623.0, "State": "Texas", "NearestCity": "San Antonio", "DstMiles": 64.0, "RelAbun": 3.91, "Status": "available", "RelAbun_bin": "(3.64,4.61]", "fillColor": "#0077B6", "strokeColor": "#000000" }, "geometry": { "type": "Polygon", "coordinates": [ [ [ -99.342996277724467, 29.07748712568678 ], [ -99.353856361407111, 29.102513748658772 ], [ -99.320527325391907, 29.102513748658772 ], [ -99.309670884810103, 29.07748712568678 ], [ -99.342996277724467, 29.07748712568678 ] ] ] } },
{ "type": "Feature", "properties": { "PixelName": "SanAntonio_6", "cell_id": 392412.0, "State": "Texas", "NearestCity": "San Antonio", "DstMiles": 66.0, "RelAbun": 4.76, "Status": "available", "RelAbun_bin": "(4.61,6.48]", "fillColor": "#0096C7", "strokeColor": "#000000" }, "geometry": { "type": "Polygon", "coordinates": [ [ [ -99.365470629439571, 29.052463722108985 ], [ -99.376321670638859, 29.07748712568678 ], [ -99.342996277724467, 29.07748712568678 ], [ -99.332148875371999, 29.052463722108985 ], [ -99.365470629439571, 29.052463722108985 ] ] ] } },
{ "type": "Feature", "properties": { "PixelName": "SanAntonio_7", "cell_id": 393200.0, "State": "Texas", "NearestCity": "San Antonio", "DstMiles": 70.0, "RelAbun": 8.79, "Status": "available", "RelAbun_bin": "(6.48,25.2]", "fillColor": "#00B4D8", "strokeColor": "#000000" }, "geometry": { "type": "Polygon", "coordinates": [ [ [ -99.421268500980702, 29.027443533461884 ], [ -99.432114137574672, 29.052463722108985 ], [ -99.398792383507114, 29.052463722108985 ], [ -99.387950381509867, 29.027443533461884 ], [ -99.421268500980702, 29.027443533461884 ] ] ] } },
{ "type": "Feature", "properties": { "PixelName": "SanAntonio_8", "cell_id": 393201.0, "State": "Texas", "NearestCity": "San Antonio", "DstMiles": 68.0, "RelAbun": 3.62, "Status": "available", "RelAbun_bin": "(2.9,3.64]", "fillColor": "#023E8A", "strokeColor": "#000000" }, "geometry": { "type": "Polygon", "coordinates": [ [ [ -99.387950381509867, 29.027443533461884 ], [ -99.398792383507114, 29.052463722108985 ], [ -99.365470629439571, 29.052463722108985 ], [ -99.354632262039033, 29.027443533461884 ], [ -99.387950381509867, 29.027443533461884 ] ] ] } },
{ "type": "Feature", "properties": { "PixelName": "EaglePass_6", "cell_id": 393983.0, "State": "Texas", "NearestCity": "Eagle Pass", "DstMiles": 64.0, "RelAbun": 4.07, "Status": "available", "RelAbun_bin": "(3.64,4.61]", "fillColor": "#0077B6", "strokeColor": "#000000" }, "geometry": { "type": "Polygon", "coordinates": [ [ [ -99.643636958756687, 29.002426555288171 ], [ -99.654495337276543, 29.027443533461884 ], [ -99.621177217805723, 29.027443533461884 ], [ -99.610322469636429, 29.002426555288171 ], [ -99.643636958756687, 29.002426555288171 ] ] ] } },
{ "type": "Feature", "properties": { "PixelName": "SanAntonio_9", "cell_id": 393991.0, "State": "Texas", "NearestCity": "San Antonio", "DstMiles": 68.0, "RelAbun": 10.95, "Status": "available", "RelAbun_bin": "(6.48,25.2]", "fillColor": "#00B4D8", "strokeColor": "#000000" }, "geometry": { "type": "Polygon", "coordinates": [ [ [ -99.377121045794468, 29.002426555288171 ], [ -99.387950381509867, 29.027443533461884 ], [ -99.354632262039033, 29.027443533461884 ], [ -99.343806556674181, 29.002426555288171 ], [ -99.377121045794468, 29.002426555288171 ] ] ] } },
{ "type": "Feature", "properties": { "PixelName": "EaglePass_7", "cell_id": 394772.0, "State": "Texas", "NearestCity": "Eagle Pass", "DstMiles": 62.0, "RelAbun": 7.33, "Status": "available", "RelAbun_bin": "(6.48,25.2]", "fillColor": "#00B4D8", "strokeColor": "#000000" }, "geometry": { "type": "Polygon", "coordinates": [ [ [ -99.666102131723946, 28.977412783136764 ], [ -99.676951447876988, 29.002426555288171 ], [ -99.643636958756687, 29.002426555288171 ], [ -99.632791268711998, 28.977412783136764 ], [ -99.666102131723946, 28.977412783136764 ] ] ] } },
{ "type": "Feature", "properties": { "PixelName": "SanAntonio_10", "cell_id": 394782.0, "State": "Texas", "NearestCity": "San Antonio", "DstMiles": 67.0, "RelAbun": 10.21, "Status": "available", "RelAbun_bin": "(6.48,25.2]", "fillColor": "#00B4D8", "strokeColor": "#000000" }, "geometry": { "type": "Polygon", "coordinates": [ [ [ -99.332993501604548, 28.977412783136764 ], [ -99.343806556674181, 29.002426555288171 ], [ -99.310492067553895, 29.002426555288171 ], [ -99.299682638592586, 28.977412783136764 ], [ -99.332993501604548, 28.977412783136764 ] ] ] } },
{ "type": "Feature", "properties": { "PixelName": "SanAntonio_11", "cell_id": 394784.0, "State": "Texas", "NearestCity": "San Antonio", "DstMiles": 63.0, "RelAbun": 3.09, "Status": "available", "RelAbun_bin": "(2.9,3.64]", "fillColor": "#023E8A", "strokeColor": "#000000" }, "geometry": { "type": "Polygon", "coordinates": [ [ [ -99.26637177558068, 28.977412783136764 ], [ -99.277177578433623, 29.002426555288171 ], [ -99.243863089313322, 29.002426555288171 ], [ -99.233060912568718, 28.977412783136764 ], [ -99.26637177558068, 28.977412783136764 ] ] ] } },
{ "type": "Feature", "properties": { "PixelName": "SanAntonio_12", "cell_id": 394785.0, "State": "Texas", "NearestCity": "San Antonio", "DstMiles": 61.0, "RelAbun": 2.7, "Status": "available", "RelAbun_bin": [ 2.5, 2.9 ], "fillColor": "#03045E", "strokeColor": "#000000" }, "geometry": { "type": "Polygon", "coordinates": [ [ [ -99.233060912568718, 28.977412783136764 ], [ -99.243863089313322, 29.002426555288171 ], [ -99.210548600193079, 29.002426555288171 ], [ -99.199750049556783, 28.977412783136764 ], [ -99.233060912568718, 28.977412783136764 ] ] ] } },
{ "type": "Feature", "properties": { "PixelName": "EaglePass_8", "cell_id": 395562.0, "State": "Texas", "NearestCity": "Eagle Pass", "DstMiles": 62.0, "RelAbun": 2.57, "Status": "available", "RelAbun_bin": [ 2.5, 2.9 ], "fillColor": "#03045E", "strokeColor": "#000000" }, "geometry": { "type": "Polygon", "coordinates": [ [ [ -99.655265496530845, 28.952402212562678 ], [ -99.666102131723946, 28.977412783136764 ], [ -99.632791268711998, 28.977412783136764 ], [ -99.621958255388932, 28.952402212562678 ], [ -99.655265496530845, 28.952402212562678 ] ] ] } },
{ "type": "Feature", "properties": { "PixelName": "SanAntonio_13", "cell_id": 395573.0, "State": "Texas", "NearestCity": "San Antonio", "DstMiles": 65.0, "RelAbun": 5.79, "Status": "available", "RelAbun_bin": "(4.61,6.48]", "fillColor": "#0096C7", "strokeColor": "#000000" }, "geometry": { "type": "Polygon", "coordinates": [ [ [ -99.28888584397005, 28.952402212562678 ], [ -99.299682638592586, 28.977412783136764 ], [ -99.26637177558068, 28.977412783136764 ], [ -99.25557860282818, 28.952402212562678 ], [ -99.28888584397005, 28.952402212562678 ] ] ] } },
{ "type": "Feature", "properties": { "PixelName": "SanAntonio_14", "cell_id": 395574.0, "State": "Texas", "NearestCity": "San Antonio", "DstMiles": 63.0, "RelAbun": 25.16, "Status": "available", "RelAbun_bin": "(6.48,25.2]", "fillColor": "#00B4D8", "strokeColor": "#000000" }, "geometry": { "type": "Polygon", "coordinates": [ [ [ -99.25557860282818, 28.952402212562678 ], [ -99.26637177558068, 28.977412783136764 ], [ -99.233060912568718, 28.977412783136764 ], [ -99.222271361686282, 28.952402212562678 ], [ -99.25557860282818, 28.952402212562678 ] ] ] } },
{ "type": "Feature", "properties": { "PixelName": "SanAntonio_15", "cell_id": 395576.0, "State": "Texas", "NearestCity": "San Antonio", "DstMiles": 60.0, "RelAbun": 4.73, "Status": "available", "RelAbun_bin": "(4.61,6.48]", "fillColor": "#0096C7", "strokeColor": "#000000" }, "geometry": { "type": "Polygon", "coordinates": [ [ [ -99.188964120544412, 28.952402212562678 ], [ -99.199750049556783, 28.977412783136764 ], [ -99.166439186544835, 28.977412783136764 ], [ -99.1556568794025, 28.952402212562678 ], [ -99.188964120544412, 28.952402212562678 ] ] ] } },
{ "type": "Feature", "properties": { "PixelName": "EaglePass_9", "cell_id": 397142.0, "State": "Texas", "NearestCity": "Eagle Pass", "DstMiles": 62.0, "RelAbun": 6.04, "Status": "available", "RelAbun_bin": "(4.61,6.48]", "fillColor": "#0096C7", "strokeColor": "#000000" }, "geometry": { "type": "Polygon", "coordinates": [ [ [ -99.633630222106973, 28.902390658397451 ], [ -99.644441530562716, 28.927394839127135 ], [ -99.611137907056488, 28.927394839127135 ], [ -99.600330212005986, 28.902390658397451 ], [ -99.633630222106973, 28.902390658397451 ] ] ] } },
{ "type": "Feature", "properties": { "PixelName": "EaglePass_10", "cell_id": 397143.0, "State": "Texas", "NearestCity": "Eagle Pass", "DstMiles": 64.0, "RelAbun": 6.2, "Status": "available", "RelAbun_bin": "(4.61,6.48]", "fillColor": "#0096C7", "strokeColor": "#000000" }, "geometry": { "type": "Polygon", "coordinates": [ [ [ -99.600330212005986, 28.902390658397451 ], [ -99.611137907056488, 28.927394839127135 ], [ -99.577834283550317, 28.927394839127135 ], [ -99.567030201905027, 28.902390658397451 ], [ -99.600330212005986, 28.902390658397451 ] ] ] } },
{ "type": "Feature", "properties": { "PixelName": "EaglePass_11", "cell_id": 397144.0, "State": "Texas", "NearestCity": "Eagle Pass", "DstMiles": 67.0, "RelAbun": 5.88, "Status": "available", "RelAbun_bin": "(4.61,6.48]", "fillColor": "#0096C7", "strokeColor": "#000000" }, "geometry": { "type": "Polygon", "coordinates": [ [ [ -99.567030201905027, 28.902390658397451 ], [ -99.577834283550317, 28.927394839127135 ], [ -99.544530660044089, 28.927394839127135 ], [ -99.53373019180404, 28.902390658397451 ], [ -99.567030201905027, 28.902390658397451 ] ] ] } },
{ "type": "Feature", "properties": { "PixelName": "EaglePass_12", "cell_id": 397934.0, "State": "Texas", "NearestCity": "Eagle Pass", "DstMiles": 67.0, "RelAbun": 4.64, "Status": "available", "RelAbun_bin": "(4.61,6.48]", "fillColor": "#0096C7", "strokeColor": "#000000" }, "geometry": { "type": "Polygon", "coordinates": [ [ [ -99.556238757628776, 28.877389665947096 ], [ -99.567030201905027, 28.902390658397451 ], [ -99.53373019180404, 28.902390658397451 ], [ -99.522942356706466, 28.877389665947096 ], [ -99.556238757628776, 28.877389665947096 ] ] ] } },
{ "type": "Feature", "properties": { "PixelName": "EaglePass_13", "cell_id": 397935.0, "State": "Texas", "NearestCity": "Eagle Pass", "DstMiles": 69.0, "RelAbun": 7.63, "Status": "available", "RelAbun_bin": "(6.48,25.2]", "fillColor": "#00B4D8", "strokeColor": "#000000" }, "geometry": { "type": "Polygon", "coordinates": [ [ [ -99.522942356706466, 28.877389665947096 ], [ -99.53373019180404, 28.902390658397451 ], [ -99.500430181703095, 28.902390658397451 ], [ -99.489645955784198, 28.877389665947096 ], [ -99.522942356706466, 28.877389665947096 ] ] ] } },
{ "type": "Feature", "properties": { "PixelName": "EaglePass_14", "cell_id": 401085.0, "State": "Texas", "NearestCity": "Eagle Pass", "DstMiles": 48.0, "RelAbun": 4.32, "Status": "available", "RelAbun_bin": "(3.64,4.61]", "fillColor": "#0077B6", "strokeColor": "#000000" }, "geometry": { "type": "Polygon", "coordinates": [ [ [ -99.812737178900392, 28.777417490621513 ], [ -99.823510520882706, 28.802405774098069 ], [ -99.790224922176193, 28.802405774098069 ], [ -99.779455172505308, 28.777417490621513 ], [ -99.812737178900392, 28.777417490621513 ] ] ] } },
{ "type": "Feature", "properties": { "PixelName": "EaglePass_15", "cell_id": 401086.0, "State": "Texas", "NearestCity": "Eagle Pass", "DstMiles": 50.0, "RelAbun": 2.61, "Status": "available", "RelAbun_bin": [ 2.5, 2.9 ], "fillColor": "#03045E", "strokeColor": "#000000" }, "geometry": { "type": "Polygon", "coordinates": [ [ [ -99.779455172505308, 28.777417490621513 ], [ -99.790224922176193, 28.802405774098069 ], [ -99.756939323469666, 28.802405774098069 ], [ -99.746173166110211, 28.777417490621513 ], [ -99.779455172505308, 28.777417490621513 ] ] ] } },
{ "type": "Feature", "properties": { "PixelName": "EaglePass_16", "cell_id": 401875.0, "State": "Texas", "NearestCity": "Eagle Pass", "DstMiles": 49.0, "RelAbun": 2.58, "Status": "available", "RelAbun_bin": [ 2.5, 2.9 ], "fillColor": "#03045E", "strokeColor": "#000000" }, "geometry": { "type": "Polygon", "coordinates": [ [ [ -99.801976454072246, 28.752432373382906 ], [ -99.812737178900392, 28.777417490621513 ], [ -99.779455172505308, 28.777417490621513 ], [ -99.768698035781483, 28.752432373382906 ], [ -99.801976454072246, 28.752432373382906 ] ] ] } },
{ "type": "Feature", "properties": { "PixelName": "EaglePass_17", "cell_id": 401877.0, "State": "Texas", "NearestCity": "Eagle Pass", "DstMiles": 53.0, "RelAbun": 6.66, "Status": "available", "RelAbun_bin": "(6.48,25.2]", "fillColor": "#00B4D8", "strokeColor": "#000000" }, "geometry": { "type": "Polygon", "coordinates": [ [ [ -99.735419617490678, 28.752432373382906 ], [ -99.746173166110211, 28.777417490621513 ], [ -99.712891159715113, 28.777417490621513 ], [ -99.7021411991999, 28.752432373382906 ], [ -99.735419617490678, 28.752432373382906 ] ] ] } },
{ "type": "Feature", "properties": { "PixelName": "EaglePass_18", "cell_id": 402664.0, "State": "Texas", "NearestCity": "Eagle Pass", "DstMiles": 47.0, "RelAbun": 3.63, "Status": "available", "RelAbun_bin": "(2.9,3.64]", "fillColor": "#023E8A", "strokeColor": "#000000" }, "geometry": { "type": "Polygon", "coordinates": [ [ [ -99.824503169203879, 28.727450417992134 ], [ -99.835254872363038, 28.752432373382906 ], [ -99.801976454072246, 28.752432373382906 ], [ -99.791228334814107, 28.727450417992134 ], [ -99.824503169203879, 28.727450417992134 ] ] ] } },
{ "type": "Feature", "properties": { "PixelName": "EaglePass_19", "cell_id": 402665.0, "State": "Texas", "NearestCity": "Eagle Pass", "DstMiles": 49.0, "RelAbun": 2.77, "Status": "available", "RelAbun_bin": [ 2.5, 2.9 ], "fillColor": "#03045E", "strokeColor": "#000000" }, "geometry": { "type": "Polygon", "coordinates": [ [ [ -99.791228334814107, 28.727450417992134 ], [ -99.801976454072246, 28.752432373382906 ], [ -99.768698035781483, 28.752432373382906 ], [ -99.757953500424406, 28.727450417992134 ], [ -99.791228334814107, 28.727450417992134 ] ] ] } },
{ "type": "Feature", "properties": { "PixelName": "Laredo_1", "cell_id": 412940.0, "State": "Texas", "NearestCity": "Laredo", "DstMiles": 71.0, "RelAbun": 3.69, "Status": "available", "RelAbun_bin": "(3.64,4.61]", "fillColor": "#0077B6", "strokeColor": "#000000" }, "geometry": { "type": "Polygon", "coordinates": [ [ [ -99.486501538297333, 28.40297073946817 ], [ -99.497069181304951, 28.427911987615072 ], [ -99.46383702726979, 28.427911987615072 ], [ -99.453272913869057, 28.40297073946817 ], [ -99.486501538297333, 28.40297073946817 ] ] ] } },
{ "type": "Feature", "properties": { "PixelName": "Alice_1", "cell_id": 416127.0, "State": "Texas", "NearestCity": "Alice", "DstMiles": 55.0, "RelAbun": 3.03, "Status": "available", "RelAbun_bin": "(2.9,3.64]", "fillColor": "#023E8A", "strokeColor": "#000000" }, "geometry": { "type": "Polygon", "coordinates": [ [ [ -98.54756232184009, 28.303236714023058 ], [ -98.557985480658573, 28.328165583903726 ], [ -98.524767420166285, 28.328165583903726 ], [ -98.514347774377413, 28.303236714023058 ], [ -98.54756232184009, 28.303236714023058 ] ] ] } },
{ "type": "Feature", "properties": { "PixelName": "Laredo_2", "cell_id": 416900.0, "State": "Texas", "NearestCity": "Laredo", "DstMiles": 68.0, "RelAbun": 2.63, "Status": "available", "RelAbun_bin": [ 2.5, 2.9 ], "fillColor": "#03045E", "strokeColor": "#000000" }, "geometry": { "type": "Polygon", "coordinates": [ [ [ -99.101739087139748, 28.278310927985 ], [ -99.112209628706069, 28.303236714023058 ], [ -99.078995081243363, 28.303236714023058 ], [ -99.068528048571665, 28.278310927985 ], [ -99.101739087139748, 28.278310927985 ] ] ] } },
{ "type": "Feature", "properties": { "PixelName": "Laredo_3", "cell_id": 420058.0, "State": "Texas", "NearestCity": "Laredo", "DstMiles": 60.0, "RelAbun": 3.61, "Status": "available", "RelAbun_bin": "(2.9,3.64]", "fillColor": "#023E8A", "strokeColor": "#000000" }, "geometry": { "type": "Polygon", "coordinates": [ [ [ -99.126374174927406, 28.178638536785421 ], [ -99.136802457218735, 28.203552030175391 ], [ -99.103601920561914, 28.203552030175391 ], [ -99.093177130662497, 28.178638536785421 ], [ -99.126374174927406, 28.178638536785421 ] ] ] } },
{ "type": "Feature", "properties": { "PixelName": "Alice_2", "cell_id": 420070.0, "State": "Texas", "NearestCity": "Alice", "DstMiles": 56.0, "RelAbun": 3.71, "Status": "available", "RelAbun_bin": "(3.64,4.61]", "fillColor": "#0077B6", "strokeColor": "#000000" }, "geometry": { "type": "Polygon", "coordinates": [ [ [ -98.728009643748848, 28.178638536785421 ], [ -98.738396017337081, 28.203552030175391 ], [ -98.705195480680288, 28.203552030175391 ], [ -98.694812599483981, 28.178638536785421 ], [ -98.728009643748848, 28.178638536785421 ] ] ] } },
{ "type": "Feature", "properties": { "PixelName": "Laredo_4", "cell_id": 422431.0, "State": "Texas", "NearestCity": "Laredo", "DstMiles": 60.0, "RelAbun": 2.69, "Status": "available", "RelAbun_bin": [ 2.5, 2.9 ], "fillColor": "#03045E", "strokeColor": "#000000" }, "geometry": { "type": "Polygon", "coordinates": [ [ [ -98.995603258348112, 28.103916414685031 ], [ -99.005984258680968, 28.128820733286698 ], [ -98.972794186854372, 28.128820733286698 ], [ -98.96241666657528, 28.103916414685031 ], [ -98.995603258348112, 28.103916414685031 ] ] ] } },
{ "type": "Feature", "properties": { "PixelName": "Alice_3", "cell_id": 422437.0, "State": "Texas", "NearestCity": "Alice", "DstMiles": 57.0, "RelAbun": 2.58, "Status": "available", "RelAbun_bin": [ 2.5, 2.9 ], "fillColor": "#03045E", "strokeColor": "#000000" }, "geometry": { "type": "Polygon", "coordinates": [ [ [ -98.796483707711118, 28.103916414685031 ], [ -98.80684382772148, 28.128820733286698 ], [ -98.773653755894912, 28.128820733286698 ], [ -98.763297115938315, 28.103916414685031 ], [ -98.796483707711118, 28.103916414685031 ] ] ] } },
{ "type": "Feature", "properties": { "PixelName": "Harlingen_1", "cell_id": 477750.0, "State": "Texas", "NearestCity": "Harlingen", "DstMiles": 14.0, "RelAbun": 2.51, "Status": "available", "RelAbun_bin": [ 2.5, 2.9 ], "fillColor": "#03045E", "strokeColor": "#000000" }, "geometry": { "type": "Polygon", "coordinates": [ [ [ -97.672652460315049, 26.367956259102794 ], [ -97.682140738655761, 26.392657015484843 ], [ -97.649184550822199, 26.392657015484843 ], [ -97.639699473655014, 26.367956259102794 ], [ -97.672652460315049, 26.367956259102794 ] ] ] } }
]
}
